domain,scene,level_band,state,route,variant_no,text,tone_tier,narrative_status,note,group
adventure_event,herb_bloom,练气-筑基,通用,通用,01,"晨露未散，你拨开栅栏走进药圃，叶片上的水珠先你一步晃了晃。
一畦一畦看过去，该收的刚好够火候——
这茬收完，下一茬的芽已经拱出了土。",正经,定稿,药圃晨露,
adventure_event,herb_bloom,金丹-元婴,通用,通用,02,"断崖半腰风硬，你贴着岩壁探出手，够那株长在石缝里的老药。
根须抓得牢，你也不急，一寸一寸顺着它的性子起土。
药入囊时，崖下云海正好翻过一浪。",正经,定稿,断崖采药,
adventure_event,herb_bloom,通用,通用,通用,03,"溪谷里风是斜的，把一缕药香送到你面前——香得正，是熟透了的气味。
你循香溯流，在乱石堆后寻到一丛正当时的药草。
没采尽，留了最壮的两株——明年还能来。",正经,定稿,溪谷药香,
adventure_event,herb_bloom,练气-筑基,通用,通用,04,"后半夜暴雨压檐，你披衣起身，把刚移栽的药苗一株株遮好。
雨点砸在油布上，噼啪到天明。
天亮雨停，苗都立着，叶尖挂水，像一排刚醒的小兵。",正经,定稿,雨夜护苗,
adventure_event,herb_bloom,金丹-元婴,通用,通用,05,"药篓装满，你踩着露水下市集，找相熟的老铺面过秤。
掌柜拨着算盘，末了添一句：""下回还有，先送来。""
你把空篓别在腰后，市集的吆喝声里，日子有了奔头。",正经,定稿,药篓入市,
adventure_event,herb_bloom,通用,云州,通用,06,"云州人侍弄药田像伺庄稼，锄头一起一落，都踩在垄沟的韵脚上。
你看他们弯腰、看天、看土色，一套把式下来，药苗比旁人的壮三分。
临走，老大爷往你手心塞了把自家留的种子。",正经,定稿,药田庄稼把式,
adventure_event,herb_bloom,通用,沧州,通用,07,"血色峡谷的风掀开沙土，露出半截残甲——甲缝里，一株血参红得发亮。
你小心起出来，断口渗出的汁液沾在指上，像旧战场的一滴血。
回身时风又起，把那个坑重新埋平。",正经,定稿,血参长在残甲里,
adventure_event,herb_bloom,通用,朔州,通用,08,"冻土灵泉边，雪莲开得正好，花瓣上凝着极光似的冷光。
你踩着冻硬的雪壳过去，屏息采下，根须完整。
转身那一刻极光铺开，天地安静得能听见自己的心跳。",正经,定稿,雪莲,
adventure_event,herb_bloom,通用,蛮州,通用,09,"蛮州的药篓里，毒草比药草多——九死一生之地，毒就是药。
你认着叶脉和瘴气，专挑成色足的摘，篓底垫了隔潮的皮。
山民看在眼里，远远朝你竖了竖拇指。",正经,定稿,毒草进药篓,
adventure_event,herb_bloom,通用,青州,通用,10,"盐井里的灵泉冒出来，井沿青石上长出一层盐泉藻，绿中泛白。
渔家说这东西入药清火，你便趁退潮采了一篓。
海风咸腥，潮声涨落，你蹲在井边，像蹲在整片海的边上。",正经,定稿,盐泉藻,
adventure_event,herb_bloom,通用,中州,通用,11,"上古遗迹的残墙根下，雨后冒出一圈灵菌，菌盖泛着禁制刚散尽的微光。
你只采了外围一圈——深处的留着，那地方的地气还没安分。
走出遗迹时你回头看了一眼，那些菌子像是还在等你下次来。
---",正经,定稿,遗迹灵菌,
adventure_event,travel_insight,练气-筑基,通用,通用,01,"你在山巅坐到日头偏西，看云起云散，聚了又开。
起初觉得云是云，后来觉得云是气，再后来——心头那口气，忽然就顺了。
下山时，脚步比上山轻了三分。",正经,定稿,观云,
adventure_event,travel_insight,通用,通用,通用,02,"瀑布声轰了整条山谷，你站在水雾里，先听吵，再听静。
轰隆之中渐渐分出节拍，像某种粗重的呼吸，一起一伏。
你在那节拍里站了很久，久到衣袖湿透，心里却干了。",正经,定稿,听瀑,
adventure_event,travel_insight,金丹-元婴,通用,通用,03,"那棵古树不知活了几百年，树冠把日光剪成细碎的光斑。
你在树下闭目，风过枝叶，光斑在脸上缓缓移动。
睁眼时你忽然明白：树不动，是时间在动。",正经,定稿,古树下,
adventure_event,travel_insight,练气-筑基,通用,通用,04,"夏夜的山道边，萤火虫起起落落，一盏一盏，明一阵灭一阵。
你伸手接住一只，看它在你掌心亮起，又飞走。
那一点光没有方向，却照亮了你心里的一小片角落。",正经,定稿,萤火夜,
adventure_event,travel_insight,金丹-元婴,通用,通用,05,"你在城里住了三天，看屠户磨刀、妇人骂街、孩童追着炊烟跑。
第四天早晨，你蹲在朝食摊前，就着热气吃完一碗——忽然懂了什么叫""道在日用""。
付钱时，你比三天前多笑了一声。",正经,定稿,市井烟火化凡,
adventure_event,travel_insight,通用,云州,通用,06,"云州的山道走久了，晨钟会替你看时辰。
你踏着钟声赶路，一步一声，忽然觉得这路也有了节拍。",正经,定稿,山道,
adventure_event,travel_insight,通用,沧州,通用,07,"血色峡谷的残阳把影子拉得老长，长到像是另一个你在前面走。
你踩着自己的影子走了很久——走着走着，谁在前面、谁在后面，就分不清了。",正经,定稿,残阳,
adventure_event,travel_insight,通用,朔州,通用,08,"朔州的极光在天幕上翻卷，像谁的笔蘸了满天的墨在挥毫。
你仰头看到脖颈发酸——原来天地也会写字，只是不写给凡人看。",正经,定稿,极光,
adventure_event,travel_insight,通用,蛮州,通用,09,"蛮州的夜是虫鸣织的，密得像一张网。
你坐在网中央听了一夜，听着听着，竟从聒噪里听出了秩序。",正经,定稿,虫鸣,
adventure_event,travel_insight,通用,青州,通用,10,"青州的潮声没有一刻停歇，比心跳还准时。
你在礁石上坐了一整夜，潮涨潮落，忽然记不起是哪一浪，让你想起的故人。",正经,定稿,潮声,
adventure_event,travel_insight,通用,中州,通用,11,"中州的碑林立着半截断碑，碑文被岁月啃得只剩几道笔画。
你蹲下来，顺着残留的笔意描了一遍——手指划过石面时，那些缺掉的字，像自己补了回来。
---",正经,定稿,碑林悟道,
adventure_event,ally_help,练气-筑基,通用,通用,01,"你困在一处关窍上三天，路边忽然有人开口：""气走岔了。""
你回头时只看见一个背影，三句话说完，人已经没了影。
后来你才想通——前辈不留名，是因为留了名，就得负责。",正经,定稿,指点迷津,
adventure_event,ally_help,通用,通用,通用,02,"一位老修士打量你半晌，从袖中摸出一个小瓶：""年轻时用剩下的，拿去。""
你正要道谢，他已经走远，声音飘回来：""别问来历，问了我也不知道。""
药是真的，来历是编的——前辈的江湖，讲究深藏身与名。",正经+冷幽默,定稿,赠药,
adventure_event,ally_help,金丹-元婴,通用,通用,03,"那道偷袭的冷光眼看要落在你背上，一只手横空而出，把它拍散了。
出手的人掸掸袖子，像拍死一只蚊子：""下次自己接。""
你记下这份情——前辈的路，你总有一天要替他走。",正经,定稿,挡灾,
adventure_event,ally_help,练气-筑基,通用,通用,04,"前辈给你讲了一段他年轻时的事——怎么在山里迷路，怎么靠一壶水撑了半月。
末了他总结：""所以我后来出门，都带三壶水。""
你听完想笑又不敢笑——道理是这个道理。",正经+冷幽默,定稿,传阅历,
adventure_event,ally_help,金丹-元婴,通用,通用,05,"你回到落脚处，桌上多了一封信，落款处只画了个圈。
信里写着一处你正需要的门路，笔迹换了三种写法——画个圈，是怕字被人认出来。
你把信收好——江湖上最贵的礼物，是有人替你看过路。",正经,定稿,留信,
adventure_event,ally_help,通用,云州,通用,06,"云州药田边的青石上，药篓翁把新采的药材一株株摊开晒太阳。
他见你盯着药苗看，招呼你蹲下：""年份不到，急不得——这株，还差一场春雨。""
临走他塞给你一小包药种：""种在向阳处，明年这时候，记得来看它。""",正经+冷幽默,定稿,药篓翁,
adventure_event,ally_help,通用,沧州,通用,07,"血色峡谷的风沙里，拾遗客蹲在残甲堆前，用一根草茎拨弄一块锈铁。
""锈里出真金，""他头也不抬，""古战场埋的东西，见者有份——分你半件。""
你接过那半件断戟，他补了一句：""下回再捡着好东西，还在这片碰头。""",正经+冷幽默,定稿,拾遗客,
adventure_event,ally_help,通用,朔州,通用,08,"朔州的雪原上，你正发愁认不出路，雪里刀从你身边走过，步子不停：""跟上。""
你跟着他走了三十里，他一路没再开口——临到镇口，才撂下一句：""到了。""
你道谢，他摆摆手：""天冷，话短。你话也短，还行。""",正经+冷幽默,定稿,雪里刀,
adventure_event,ally_help,通用,蛮州,通用,09,"蛮州瘴气林里，你小腿发麻，蛊婆婆蹲下来看了看，往你伤口上撒了一把虫粉。
""毒不死你，就长本事。""她拍拍手，""明早还疼，就来找我；不疼，也来找我。""
你问为什么，她头也不回：""不疼了，正好来帮我抓蛊虫。""",正经+冷幽默,定稿,蛊婆婆,
adventure_event,ally_help,通用,青州,通用,10,"青州海祭台上，听潮人面朝大海坐着，你走过去，他也不回头。
潮声里他忽然开口：""潮有信，人有约——你心里那桩悬着的事，退潮时会给你答案。""
你陪他听完一潮起落，心里那件事，果然松了一半。",正经+冷幽默,定稿,听潮人,
adventure_event,ally_help,通用,中州,通用,11,"中州碑林里，拓碑客正往碑上蒙纸，见你凑近，先一步护住碑面。
""字是人刻的，气是天地还的——修士我信，来偷拓的，我不信。""
他让出半张案：""手稳，就让你拓一张——拓完，我再告诉你这碑上哪三个字是错的。""
---",正经+冷幽默,定稿,拓碑客,
adventure_event,steady_path,练气-筑基,通用,通用,01,"日头爬过山头，你顺着官道一路向南，步子不紧不慢。
风里带着远处村落的炊烟味——路上有人烟，路就不可怕。
你数着路边的界碑，一程一程，走得踏实。",正经,定稿,赶路,
adventure_event,steady_path,通用,通用,通用,02,"日落前你挑好背风处，石块垒灶，树枝搭棚，一气呵成。
营地不大，但炉火一架，四面都像有了墙。
你靠着树干啃干粮，看月亮从树梢升起来，安稳得像所有赶路人。",正经,定稿,扎营,
adventure_event,steady_path,练气-筑基,通用,通用,03,"火石擦了三下才点着，火苗先犹豫，随后一下子窜起来。
你把水壶架上，火光把影子烤得暖洋洋。
这顿夜饭很简单，但你吃出了出门以来最踏实的一口。",正经,定稿,生火,
adventure_event,steady_path,金丹-元婴,通用,通用,04,"河面宽，水流急，你沿河走了半里才寻到一处浅滩。
水没过膝，你一步一步踩实了走，木杖探路，稳得像在岸上。
过河回头，对岸的脚印还清晰——这一程，又没白走。",正经,定稿,渡河,
adventure_event,steady_path,金丹-元婴,通用,通用,05,"星斗满天，你借着月光赶路，露水打湿了裤脚。
偶尔有夜鸟惊起，你脚步不停，呼吸不乱。
天亮时，你站在一条新路的岔口——夜里看不清的，白天都明了。",正经,定稿,夜行,
adventure_event,steady_path,通用,云州,通用,06,"云州的山道随节气换衣裳：春有山茶，秋有落叶，冬雪覆阶，夏蝉满坡。
你一年里走过几回，回回都像走在新路上。
走得多了，山道的脾气你摸清了大半——剩下的半条，留给下回。",正经,定稿,四季分明的山道,
adventure_event,steady_path,通用,沧州,通用,07,"血色峡谷的路是风刮出来的，沙粒打在衣摆上，噼啪作响。
你压低斗笠，顺着峡谷的影子走，远处残甲锈铁在暮色里泛着浊光。
过了这段，前面就是有人烟的镇子。",正经,定稿,血色峡谷风沙路,
adventure_event,steady_path,通用,朔州,通用,08,"朔州的路在雪原上，一望无际，只有风把雪沫吹成流沙的样子。
你踩着前人踩出的脚印走，一步一个准。
极光垂下来的时候，连赶路都像是走在天河边上。",正经,定稿,冻土雪原道,
adventure_event,steady_path,通用,蛮州,通用,09,"蛮州的小道被藤蔓挤成窄窄一条，脚下湿滑，头顶滴水。
你拨开枝叶往前走，虫鸣跟着你的脚步，一程换一茬。
歇脚时，山民递过来一截削好的竹杖——路还长，接着走。",正经,定稿,十万大山湿热小道,
adventure_event,steady_path,通用,青州,通用,10,"青州的官道沿着海岸线走，一边是盐田，一边是潮水。
盐工们挑着担子，号子声起起落落，比海浪还有节奏。
你混在商队里走了一程，海风把满身尘土都吹干净了。",正经,定稿,沿海盐道,
adventure_event,steady_path,通用,中州,通用,11,"中州的古道从碑林间穿过，阴晴不定，云影在断碑上爬。
你走在青石板上，脚步落在前人的车辙里，深浅刚好。
地气在脚下若有若无地涌着——这条路，还醒着。
---",正经,定稿,碑林古道,
adventure_event,beast_skirmish,练气-筑基,通用,通用,01,"山道转过弯，一头疾风狼正立在路中央，绿瞳盯着你，尾巴压得很低。
你放慢步子，手按上剑柄——狼不动，你也不退。
对峙片刻，它先挪开一步，你也侧身让了半步：各自过了各自的路。",正经,定稿,巡山撞见,
adventure_event,beast_skirmish,通用,通用,通用,02,"夜里篝火将熄，你听见四周草叶响成一片——是狼群，围在火光外，眼珠在暗处一明一灭。
你往火堆添了把柴，抽剑贴着火光踱了一圈。
狼群跟到天明，终是没敢扑进亮处。",正经,定稿,夜宿被围,
adventure_event,beast_skirmish,金丹-元婴,通用,通用,03,"溪边饮水的当口，水面忽然静了——一头玄水蛟从深潭里抬起脑袋，鳞甲上的水珠串着光。
你缓缓后退，退到岸上，它也没追，只把长尾扫了一下水面。
那一扫，溪水整整浑了小半个时辰。",正经,定稿,溪边遭遇,
adventure_event,beast_skirmish,练气-筑基,通用,通用,04,"商队的粮车过山口，赤炼蛇从石缝里蹿出来，獠牙正对着最前头的马。
你抢上去一步，剑鞘扫开蛇头，自己掌背添了一道火辣辣的印子。
车队过完山口，那蛇盘在石上嘶了两声，没再追。",正经,定稿,护粮断后,
adventure_event,beast_skirmish,金丹-元婴,通用,通用,05,"裂空金雕的阴影罩下来，你怀里还护着刚到手的东西——硬拼不值当。
你把外袍往崖下一抛，借着山风斜掠出去，金雕追着袍影俯冲了一回。
等你落进林子里，它已经在云端重新盘起了圈。",正经,定稿,诱敌脱身,
adventure_event,beast_skirmish,通用,云州,通用,06,"云州山脚，一头流窜的妖狼被巡山弟子围在山道上，退路只剩你这边。
你让到路边，看他们合围、驱赶——狼没死，人也没伤。
云州人赶妖兽讲究""驱而不杀""，说是山门立下的规矩。",正经,定稿,山道妖狼,
adventure_event,beast_skirmish,通用,沧州,通用,07,"血色峡谷里，一头铁羽鹰绕着残甲堆盘旋，把你当成了腐肉。
你捡起一片锈甲往上一扬，铁光晃了它一下，鹰唳一声拔高走了。
峡谷的风沙又盖过来，像什么都没发生过。",正经,定稿,残甲堆上的铁羽鹰,
adventure_event,beast_skirmish,通用,朔州,通用,08,"朔州的雪狼通体雪白，伏在雪地里像一块石头，直到你走到三步外才睁开眼。
你停住，它也停住——僵了小半盏茶的功夫，它先转身，消失在雪幕里。
北境的妖兽，比人更知道什么时候该收手。",正经,定稿,雪狼,
adventure_event,beast_skirmish,通用,蛮州,通用,09,"十万大山的伏地藤里，一头鬼面蛛垂在你眼前，八只眼睛齐刷刷对着你。
你屏住呼吸，一寸一寸退出去，退到藤蔓合拢的地方才松了那口气。
蛮州的妖不讲道理，只讲你够不够小心。",正经,定稿,鬼面蛛,
adventure_event,beast_skirmish,通用,青州,通用,10,"青州海边，一头妖鹞俯冲下来叼你鱼篓里的鱼，翅风擦着你的脸。
你反手扣住鱼篓，妖鹞不甘地绕了两圈，落在晒盐的木桩上盯着你。
你把一条鱼远远抛过去——它叼住走了，第二天又来，像串门。",正经,定稿,妖鹞,
adventure_event,beast_skirmish,通用,中州,通用,11,"中州的遗迹外围，妖兽都带着一股说不清的躁气——你亲眼看见一头裂地虎跟自己的影子较了一下午劲。
你绕开它走，它也没理你：中州的地气，把人和兽都弄得心神不宁。
这地方，谁都不敢先动手。
---",正经,定稿,躁气的裂地虎,
adventure_event,secret_cache,练气-筑基,通用,通用,01,"山洞深处，一具盘坐的骸骨靠着石壁，怀里抱着一只落了尘的旧匣。
你在骸骨前躬身行了一礼，才轻轻取过匣子——里面是一卷残破的功法后记。
你抄下那几行字，把匣子合好放回他怀里：人家守了一辈子的东西，给他留着。",正经,定稿,修士遗骸,
adventure_event,secret_cache,金丹-元婴,通用,通用,02,"洞府半塌，丹炉还立在原处，炉膛里结着一层陈年药垢。
你拂开灰，在蒲团下摸出一枚温热的玉简——外面的禁制散了，里面的字迹还亮着。
主人不知去了哪里，这洞府倒替他守了几百年。",正经,定稿,残破洞府,
adventure_event,secret_cache,通用,通用,通用,03,"石碑下的青砖有一块微微翘起，你蹲下去，用剑尖试着按了按。
咔哒一声，暗格弹开——里面躺着一枚避尘珠，擦去蒙尘，亮得照人。
你把暗格复原，碑还是那块碑；这底下的秘密，恐怕不止这一格。",正经,定稿,碑下机关,
adventure_event,secret_cache,金丹-元婴,通用,通用,04,"木门上的禁制已经衰得只剩一层薄光，你还是隔着三步，先用剑尖探了探。
薄光应声而碎，门后涌出一股陈年的风——带着旧主人炼丹的余味。
你在门口站了一会儿才迈进去：过了几百年，这地方还知道拒绝人。",正经,定稿,禁制余威,
adventure_event,secret_cache,练气-筑基,通用,通用,05,"断墙围着一方旧药园，杂草长得比人高，土里却还认得出一畦一畦的垄。
你顺着垄挖下去，在深处拾到几颗硬壳种子，壳上纹路隐约有灵光。
你包好种子，在断墙边插了根记号木枝——来年开春，再来看它。",正经,定稿,旧日药园,
adventure_event,secret_cache,通用,云州,通用,06,"云州山脚的旧祠堂，供着历代守山人的牌位。你替祠堂补了一角漏雨的墙。
墙里掉出一只油布包，里面是一枚旧山令牌，字迹磨得只剩一个""山""字。
你把它放回墙洞，把墙重新砌好：有些东西，是让人供的，不是让人拿的。",正经,定稿,祠堂旧物,
adventure_event,secret_cache,通用,中州,通用,07,"中州的遗迹像是永远探不完——你这次进的这一处，光是前厅的壁画就看了一个时辰。
壁画上画着一位大能镇妖的旧事，画到一半，石壁断了。
你记住了一半故事，另一半，留给下次来猜。",正经,定稿,遗迹最盛,
adventure_event,secret_cache,通用,沧州,通用,08,"血色峡谷的沙里埋着好东西，也埋着要命的东西——你挖到一只锈死的铁匣，匣面刻着旧军队的记号。
你不敢当场开，背到十里外的镇子里才撬开：半卷残谱，字迹被血洇得模糊。
你对着灯看了半夜，认出三个字：守，退，活。",正经,定稿,战场遗藏,
adventure_event,secret_cache,通用,朔州,通用,09,"冻土塌了一块，露出半截石门，门缝里结着蓝汪汪的冰。
你凿开冰层进去，洞府不大：一张石床、一盏冻裂的油灯，墙上刻着密密麻麻的记号，像是数日子。
你数了数那些记号，没数完，就出去了。",正经,定稿,冻土下的旧洞府,
adventure_event,secret_cache,通用,蛮州,通用,10,"妖巢边有个被藤蔓封住的石窟，山民说""进去的人没出来过""。
你贴着石壁摸进去，里面倒是干净——石台上供着一尊毒像，像前放着一只陶罐。
你合掌拜了拜，没动那罐子：蛮州的东西，讲究一个""敬""字。",正经,定稿,妖巢旁的秘窟,
adventure_event,secret_cache,通用,青州,通用,11,"退潮后，盐井底露出一条往海去的石缝，你侧身挤了进去。
洞壁上嵌着贝壳和旧船板，最里头搁着一只泡了不知多少年的木箱。
你拖出来，箱里的东西晒了三天——能用，就是一身海腥味。
---",正经,定稿,盐井下海蚀洞,
adventure_event,blood_battle,金丹-元婴,通用,通用,01,"岩缝深处的妖巢腥风扑面，你贴着洞壁摸进去，火折子的光被蛛网割成碎片。
你一路清到最里，剑上沾的兽血干了又湿。
出来时天已擦黑，背后的巢穴再没有动静——这一段山路，能安生些日子。",正经,定稿,掏巢,
adventure_event,blood_battle,练气-筑基,通用,通用,02,"山那头传来闷雷一样的响动，然后是树倒、草折，铺天盖地的蹄声。
你跟着猎妖队撤上高处，看兽潮从谷底滚过去，像一条活的河。
河过去了，你数了数身边人——少了两个，谁也没提名字。",正经,定稿,兽潮,
adventure_event,blood_battle,金丹-元婴,通用,通用,03,"你被围在岩壁前，退无可退，索性把心一横，迎着最凶的那头扑了上去。
剑断了就夺，夺来的再断就用手——等四周安静下来，你浑身上下没一处不疼。
你靠着岩壁喘了很久，才把剑从掌心里松开。",正经,定稿,血战到底,
adventure_event,blood_battle,通用,通用,通用,04,"仗打到一半，你忽然明白了猎妖的老话：兽血淬体，兽骨炼兵，兽魂——别贪。
你撕下衣襟裹住伤口，战场上的东西，捡有用的拿，拿得动的才拿。
走出战场时，你的行囊比来时沉，脚步比来时稳。",正经,定稿,以战养战,
adventure_event,blood_battle,练气-筑基,通用,通用,05,"队伍撤过山口，你留下来断后，把路障一具一具码到身后。
追来的妖兽扑到路障前，你一剑一剑把它们逼回去，直到山口传来后撤的号角。
你转身跑进山口时，背后又响起低吼——但路障后面的事，就交给路了。",正经,定稿,撤退断后,
adventure_event,blood_battle,通用,蛮州,通用,06,"十万大山的兽潮一来，整座山都在动，树倒石飞，连瘴气都被冲散。
猎妖人从不硬顶，只抢在潮头过去之后捡漏——你跟着老猎手跑了一回，跑丢了一只靴子。
潮过，山里静得能听见露水落地，静得让人后怕。",正经,定稿,十万大山兽潮,
adventure_event,blood_battle,通用,朔州,通用,07,"朔州的妖窟藏在冰崖底下，窟口结着血色的冰棱。
你砸开冰进去，里面竟比外面暖——暖得不对劲，你越走越放轻脚步。
你退出来时，身后的窟口像一张慢慢合拢的嘴；这半个月，你绕开了整条冰崖走路。",正经,定稿,冻土妖窟,
adventure_event,blood_battle,通用,云州,通用,08,"云州的山阴也有妖窟，但轮不到散修去掏——巡山弟子按月清剿，比你勤快。
你只在外围帮着堵了几个小洞，领了一壶伤药。
云州的规矩：妖患，是山门的差事，也是山门的脸面。",正经,定稿,山阴妖窟,
adventure_event,blood_battle,通用,沧州,通用,09,"血色峡谷的岩壁上挂着大大小小的兽巢，像一排蜂房。
你夜里摸上去，挑了最大的那一个——里面的东西比你想的凶。
天亮时你带着战利品下崖，峡谷的风吹干了你衣上的血。",正经,定稿,峡谷岩巢,
adventure_event,blood_battle,通用,青州,通用,10,"青州的海崖上，妖鹞的巢筑在浪够不到的地方。
你攀着湿滑的岩壁上去，趁母鹞不在，挑了巢里最结实的几根羽骨。
下崖时一个浪头打过来，你抱着羽骨在海里泡了半个时辰——羽骨一根没丢。",正经,定稿,海崖巢穴,
adventure_event,blood_battle,通用,中州,通用,11,"中州遗迹的兽窟连着地下的旧阵，妖兽往窟里一钻，追不好追。
你堵在窟口烧了两夜的火，把动静压在地面以下。
天亮时烟散了，地底的脚步也远了——中州的事，多半没个了局。
---",正经,定稿,遗迹兽窟,
adventure_event,ancient_trial,练气-筑基,通用,通用,01,"古碑立在废墟中央，碑面微微发烫，上面的字迹你只认得一半。
你顺着认得的那一半读下去，读到一半，碑身嗡地一震——像认可了什么，又像没认可。
你离开时回头，碑上的字好像比来时亮了一分。",正经,定稿,碑文考验,
adventure_event,ancient_trial,金丹-元婴,通用,通用,02,"断崖上残留着一道剑意，几百年不散，像一道透明的伤口。
你走近，那道剑意便朝你压过来——不是伤人，是问你：接得住吗。
你接了三次，退了三次，第四次站定的时候，剑意忽然自己散了。
散了也好——它等的那个传人，未必是今天。",正经,定稿,剑意残留,
adventure_event,ancient_trial,练气-筑基,通用,通用,03,"你踩进残阵的瞬间，眼前换了一片天地——鸟语花香，像是回家了。
你知道是假的，却还是站了一会儿，才抬脚往前走。
幻境碎在身后时，你听见自己轻轻叹了口气。",正经,定稿,阵中幻境,
adventure_event,ancient_trial,金丹-元婴,通用,通用,04,"那面古镜的器灵半睡半醒，开口第一句就是：""你有什么？""
你答：一柄剑、一卷残功、一条不肯回头的路。
器灵沉默了很久，镜面亮起又暗下：""路，算是有的。你走吧。""",正经,定稿,器灵口试,
adventure_event,ancient_trial,通用,通用,通用,05,"试炼的最后一步，天光从头顶落下来，把你看得透透的。
你坦然站定——这一路是偷是抢是挣，你自己心里有账。
天光收了，什么都没带走，也没留下；但你知道，它认下了你。",正经,定稿,天道检测,
adventure_event,ancient_trial,通用,中州,通用,06,"中州的试炼碑林，一碑一问，自古没人全答完。
你走到第七碑，答对了四问，败在三问——碑林没有为难你，只是让你知道自己几斤几两。
出林时，守林的老修士说：""能走到第七碑的，不多。""",正经,定稿,古战场试炼碑林,
adventure_event,ancient_trial,通用,沧州,通用,07,"沧州的断剑插在沙里，剑意随着风沙时强时弱。
你对着那把剑坐了三天，第四天它微微偏了偏——像点头，又像摇头。
你起身拍掉膝盖上的沙：三天换一个""也许""，足够了。",正经,定稿,残剑意,
adventure_event,ancient_trial,通用,云州,通用,08,"青云门的试炼石立在演武场边，内门弟子拜师前都要摸一回。
你也摸了一回——石头凉了半晌，才慢慢回温。
监考的师兄没说什么，但记名册上，你的名字多圈了一笔。",正经,定稿,山门试炼石,
adventure_event,ancient_trial,通用,朔州,通用,09,"朔州的试炼台冻在冰层下，每年只有最冷的时候露出来。
你踩着冰壳上去，台心刻着古文字，笔画里嵌着冻住的灵光。
你读完最后一行时，极光恰好落下——像是这座台子替几千年前的考官，点了头。",正经,定稿,冰封试炼台,
adventure_event,ancient_trial,通用,蛮州,通用,10,"蛮州的试炼是瘴谷出的题：一炉毒，一盏茶的功夫，活着走出来就算过。
你进了那间石屋，出来时脸色发青，脚步倒是稳的。
门口的老蛊师掀了掀眼皮：""还行。下回考你解。""",正经,定稿,瘴谷试炼,
adventure_event,ancient_trial,通用,青州,通用,11,"青州的海祭台涨潮时沉进水里，退潮时露出半截石阶。
你踏着石阶下去，台心供着一枚螺壳，壳里有半句模糊的潮声。
你听出那半句，在心里补完了下半句——潮水漫上来时，你正好踏着最后一阶上岸。
---",正经,定稿,海祭台,
adventure_event,trade_windfall,通用,通用,通用,01,"坊市角落的摊子上，一只灰扑扑的旧砚台混在杂物里，老板正打瞌睡。
你蹲下来，装作挑了半天，终于把它连同两把不值钱的草根一起买下。
回到住处洗净，砚台底露出一角古篆——老板这一觉，睡得有讲究。",玩梗灰,定稿,坊市捡漏,
adventure_event,trade_windfall,金丹-元婴,通用,通用,02,"拍卖会的场子大，你坐在角落里，看台上你来我往喊成一片。
你只举了一回手，那只药鼎旁落无人问津，凭着识货的眼光捡了个冷门。
出门时掌柜多看了你一眼——意思大概是：下次还来。",玩梗灰,定稿,拍卖会,
adventure_event,trade_windfall,练气-筑基,通用,通用,03,"黑市开在城外的破庙里，灯笼都用黑布罩着，买卖双方都不露脸。
你用半截不知来路的兽骨，换了件还算新的软甲——对方也爽快，挥手成交。
出庙门时，打更的正好敲过三更——这笔买卖，天知地知。",玩梗灰,定稿,黑市,
adventure_event,trade_windfall,金丹-元婴,通用,通用,04,"死当铺的柜台上永远蒙着灰，掌柜的脸比柜台还灰。
你当了一件跟了你多年的旧物，他翻来覆去看了三遍，给你递了个不上不下的价钱。
你没还价，拿钱走人——死当铺的生意，图的就是个""两清""。",玩梗灰,定稿,死当铺,
adventure_event,trade_windfall,练气-筑基,通用,通用,05,"集市边的老树下，两个散修蹲着对眼，中间摆着一株药、一袋盐。
你凑过去看看，用一壶自酿的药酒换来了那袋盐——对方闻了闻酒，眼睛亮了。
这桩买卖没有铜臭，只有两个赶路人各取所需。",玩梗灰,定稿,以物易物,
adventure_event,trade_windfall,通用,云州,通用,06,"云州的山门集市规矩最大，摊贩都比别处斯文，吆喝声压着嗓子。
你在一家老药铺挑了几味常用的药材，掌柜抹了零头，还搭了一句""常来""。
走的时候你才看见，铺子门口挂着青云门的木牌——山门的买卖，图个长久。",玩梗灰,定稿,山门集市,
adventure_event,trade_windfall,通用,沧州,通用,07,"血色峡谷口的集市热闹得邪门，卖残甲的、收锈铁的、代写信的挤在一条街上。
你拿一片品相完好的残甲，抵了接下来几天的食宿。
摊主掂了掂甲片：""这玩意儿，值。""",玩梗灰,定稿,峡谷集市,
adventure_event,trade_windfall,通用,朔州,通用,08,"朔州的货栈里，掌柜的算盘珠子冻得拨不动，干脆伸手指头比划。
你用一壶烈酒换了两张兽皮，双方都觉得自己占了便宜。
出门时雪正大，你把兽皮裹在身上——这买卖，暖和。",玩梗灰,定稿,雪原货栈,
adventure_event,trade_windfall,通用,蛮州,通用,09,"蛮州的山民集市不认钱，认货——一篓药草换一篓盐，一把好刀换半只烤兽。
你用一包跌打药换了一双山藤鞋，结实得能走完十万大山。
寨子里的孩子追着你的背影喊：客，下回再换！",玩梗灰,定稿,山民集市,
adventure_event,trade_windfall,通用,青州,通用,10,"青州渔市的天不亮就开张，鱼获和灵物混在一处卖，全凭眼力。
你在一筐海货里拣出一枚被盐壳包住的珠子，摊主当它是鱼目。
回去擦净，珠子泛着幽幽的蓝光——渔市的老话：大海不识货，识货的人来。",玩梗灰,定稿,渔市,
adventure_event,trade_windfall,通用,中州,通用,11,"中州的旧市摆在遗迹入口边上，卖的都是从里头掏出来的东西。
你在一个沉默的摊子前停下，摊主面前摆着一截断简。
你认出简上的字迹与白天看的古碑同源，便买了下来——夜里对读，果然补上了碑文缺的一角。
这趟中州，来得值。
---",玩梗灰,定稿,碑林旧市,
adventure_event,ambush_fail,练气-筑基,通用,通用,01,"山道最窄的那段，两边草棵子同时响——你心里咯噔一下，人已经扑过来了。
你护住要害滚下路基，背上一凉一热，是见了血。
你爬起来就跑，没回头——跑得掉，才算没白挨这一刀。",正经,定稿,山道截杀,
adventure_event,ambush_fail,金丹-元婴,通用,通用,02,"你在坊市露了财，出城便被人缀上，行到无人处，三道人影截在前后。
你没争胜，把最惹眼的那件东西扔了过去：""拿去，别跟了。""
对方掂了掂，收刀退走——你知道这梁子没完，但今晚的命，是保住了。",正经,定稿,夺宝劫修,
adventure_event,ambush_fail,练气-筑基,通用,通用,03,"破庙里的烟不对劲，你闻到一丝甜味时，脚已经发软。
你撕下衣角捂住口鼻，循着记忆往门的方向摸——身后响起脚步声，一下，又一下。
你撞出门去，在野地里趴了半宿，吐了两回，才算把命吐回来。",正经,定稿,毒烟迷阵,
adventure_event,ambush_fail,金丹-元婴,通用,通用,04,"后半夜，枕边的剑先于你醒来，嗡地一颤——替你磕偏了一道冷光。
你翻身而起时，帐外已经乱作一团，你护着要害滚出战圈。
天亮清点，行囊少了一半，命还在——夜袭的人，比你更怕天亮。",正经,定稿,夜袭,
adventure_event,ambush_fail,通用,通用,通用,05,"你被人算计了——先是宿营地外被引来的妖兽冲营，你带伤杀退；接着""恰巧""有人路过，把你重伤的消息""顺手""传了出去。
仇家闻风而来，你在床上躺了半个月，才养回能走路。
这笔账你记下了：刀没砍在明处，才算最狠的刀。",正经,定稿,借刀杀人,
adventure_event,ambush_fail,通用,沧州,通用,06,"血色峡谷的乱局里，劫修比妖兽还多——你亲眼看见血魔宗的弟子，当街强征一个老散修的行囊。
你低头绕路，老散修的眼神在你背后烧了一路。
沧州的规矩你懂：管闲事的人，坟头草都埋两茬了。",正经,定稿,乱局与血魔弟子,
adventure_event,ambush_fail,通用,蛮州,通用,07,"蛮州的截杀藏在瘴气里——你正低头看着脚下，一支吹箭擦着耳朵钉进树身。
你滚进乱石堆，伏了半个时辰，才等对方先不耐烦。
拔箭时你发现箭头淬了东西——蛮州人行事的道理，连你的退路一起算进去了。",正经,定稿,瘴气截杀,
adventure_event,ambush_fail,通用,朔州,通用,08,"朔州的白毛风一起，三步外看不见人——劫道的就藏在这三步里。
你被从背后撂倒，抢走了半袋干粮和一件御寒的皮袄。
你在雪里爬了半里地，找到一户猎户人家，才算没冻死在路上。",正经,定稿,雪原劫道,
adventure_event,ambush_fail,通用,青州,通用,09,"青州的海路上不太平，船行到外海，三条快船从雾气里压上来。
你护着货舱退到船尾，挨了一记闷棍，掉进海里。
你在水里泡到天黑，抱住一块破船板，被潮水送回岸边——海寇劫货，不追落水的人。",正经,定稿,海寇,
adventure_event,ambush_fail,通用,中州,通用,10,"你刚从遗迹里出来就被人盯上了——那人跟了你三条街，在巷口动了手。
你护着怀里的东西挨了两下，撞翻一溜摊子脱身。
夜里你换了住处，把东西换了三处藏：中州的地界，宝贝烫手。",正经,定稿,遗迹夺宝,
adventure_event,ambush_fail,通用,云州,通用,11,"你在山脚客栈睡醒，包袱边多了一只布袋——里面是巡山弟子正在追查的失物。
你还没来得及开口，门外的脚步声已经近了。
好在守山师兄认得出你，三言两语说清了事——但那双隔着人群看你的眼睛，你记住了。
---",正经,定稿,栽赃,
adventure_event,lost_in_fog,练气-筑基,通用,通用,01,"雾从谷底漫上来，像一口锅盖，把整条路盖得严严实实。
你停住脚，不敢再走——雾里看不清三步外，走错一步就是崖。
你靠着山壁坐下，等雾散；雾没散，天先黑了。",正经,定稿,古雾吞路,
adventure_event,lost_in_fog,金丹-元婴,通用,通用,02,"雾里忽然浮现一座熟悉的院子——是幼时住过的地方，连门口的石阶都一模一样。
你明知是假，还是朝前迈了一步；这一步，脚下的路塌了半尺。
你抓住崖边的藤蔓荡回来，那院子像水波一样散了。",正经,定稿,幻境错步,
adventure_event,lost_in_fog,练气-筑基,通用,通用,03,"雾深处悬着几点鬼火，明明灭灭，像在等谁跟上。
你跟了一段，忽然发觉鬼火引的方向，正对着风鸣水响的断崖。
你停下来，鬼火也停下来，像是回头看了你一眼，才缓缓熄了。
那一眼的意思，你过了很久才想明白。",正经,定稿,鬼火引路,
adventure_event,lost_in_fog,金丹-元婴,通用,通用,04,"雾里有人叫你的名字——声音和你娘亲一模一样，带着哭腔。
你站住了，指节捏得发白，到底没有应声。
那声音又叫了几遍，渐渐远了；你才敢顺着自己的心跳，一步一步走回来。",正经,定稿,雾中回声,
adventure_event,lost_in_fog,通用,通用,通用,05,"雾最浓的时候，你索性闭上眼睛，不再听那些有的没的响动。
你只记着自己的呼吸，一步，一步，踩实了再迈下一步。
再睁眼时，雾已经薄了——你站在正确的路上，一分没偏。",正经,定稿,破雾守心,
adventure_event,lost_in_fog,通用,中州,通用,06,"中州的煞气雾带着旧战场的余温，吸一口，喉咙里像含着铁锈。
你撕了衣角浸水捂住口鼻，贴着断墙根摸路，脚下踩着不知年月的碎甲。
雾散时你吐出一口带灰的唾沫——这地方，死了都不得安生。",正经,定稿,战场煞气雾,
adventure_event,lost_in_fog,通用,朔州,通用,07,"朔州的寒雾冻得结冰，你走出去半里，眉梢就挂了霜。
你不敢生火，怕雾里藏着听动静的东西。
你抱着剑在雪窝子里蹲了一夜，天亮时，雾和你的手脚一样，冻得硬邦邦。",正经,定稿,寒雾,
adventure_event,lost_in_fog,通用,蛮州,通用,08,"蛮州的雾是绿的，带着草叶腐烂的甜腥。
你撕了两片解毒的叶子含在嘴里，顺着水流的方向走。
水声尽头是一户猎户的棚屋——老猎手看见你，只说了句：""命硬。""",正经,定稿,瘴雾,
adventure_event,lost_in_fog,通用,青州,通用,09,"青州的海雾说来就来，白茫茫一片，分不清哪是海、哪是岸。
渔家的规矩：雾里看灯，灯在船在。
你跟着远处的渔火走了一夜，天亮时，正靠在码头的木桩上。",正经,定稿,海雾,
adventure_event,lost_in_fog,通用,云州,通用,10,"云州的山雾起来快，散得也快，只在沟谷里赖着不走。
你摸黑下坡，听见晨钟隔着雾传来，一下，又一下。
你顺着钟声走，果然在雾散前找到了路——山门的钟，从来不骗人。",正经,定稿,山雾,
adventure_event,lost_in_fog,通用,沧州,通用,11,"沧州的雾里裹着沙，打在脸上生疼，像被谁扬了一把磨刀的细沙。
你眯着眼压低身形，随着风吹的方向挪——沙雾来得急，去得也急。
等风转过去，你已经在峡谷的另一头，灰头土脸，但全须全尾。
---",正经,定稿,沙雾,
adventure_event,elder_guidance,通用,通用,通用,01,"玄诚子考校你三问，你答对两问半。
他捻须半晌，丢下一句""还算可教""，
却把一枚聚气丹留在了石桌上。",正经,定稿,考校,sect_qingyun
adventure_event,elder_guidance,金丹-元婴,通用,通用,02,"玄诚子把手按在你背上，一缕温和平稳的力道顺着经脉淌下去——像引水入渠，不催不赶。
你闭目跟了一个周天，再睁眼时，窗外已经换了季的光。
他收回手，声音里听不出疲意：""路，我给你指了；走，是你自己的事。""",正经,定稿,传功画面,sect_qingyun
adventure_event,elder_guidance,练气-筑基,通用,通用,03,"你在后山枯坐了三天，想不通一处关窍。
玄诚子路过，看了一眼你面前摊开的功法，只说了一句：""你问错了题。""
你愣了很久，忽然从头翻起——果然，是题错了。",正经,定稿,悟道指点,sect_qingyun
adventure_event,elder_guidance,练气-筑基,通用,通用,04,"演武场上，玄诚子亲自示范了一趟拳架，不快，但每一步都像量过。
他收势时气息不喘：""架子是地基，地基歪一寸，楼歪一丈。""
你照着他的架子走了三遍，第三遍才摸到一点他刚才的意思。",正经,定稿,演武示范,sect_qingyun
adventure_event,elder_guidance,金丹-元婴,通用,通用,05,"下山前夜，玄诚子把你叫到跟前，沉默许久，只说：""莫负了这身修为。""
你等他再说点什么，他却已经转身走了，灯影里只剩一句：""有事，就回来。""
你对着他的背影深深一揖——这句话，比功法重。",正经,定稿,赠言,sect_qingyun
adventure_event,elder_guidance,通用,云州,通用,06,"青云门的山门石阶九百级，你每次回来，都数着走完。
守门弟子朝你点头，你回礼，一步跨进山门——山里的风，都比山外的净。
门内有人喊你，回头，是当年一起挨过训的旧识。",正经,定稿,山门,sect_qingyun
adventure_event,elder_guidance,通用,云州,通用,07,"演武场的青砖被踩得发亮，晨练的弟子们正排着队形走拳。
你站在场边看了一会儿，有人招呼你下场过两招。
你笑着摆手——当年你也这么招呼过别人，如今换了身份，滋味不一样。",正经,定稿,演武场,sect_qingyun
adventure_event,elder_guidance,通用,云州,通用,08,"藏经阁的楼梯吱呀响，守阁的老修士头也不抬，只把手里的书往桌上一扣。
你按规矩交了牌子，借出那卷惦记许久的残篇。
出来时，老修士掀了掀眼皮：""记得还。上一位借走的，还没还。""",正经,定稿,藏经阁,sect_qingyun
adventure_event,elder_guidance,通用,云州,通用,09,"膳堂开饭的钟一响，弟子们从各条道上涌出来，比演武还齐整。
你端着碗坐在长条凳上，听隔壁桌聊山下新起的传闻。
云州的饭食算不上多讲究，但这一碗，比你在山下吃的都踏实。",正经,定稿,膳堂,sect_qingyun
adventure_event,elder_guidance,通用,云州,通用,10,"青云门的药圃在朝阳坡上，一垄一垄，比山下的庄稼还齐整。
管圃的师弟塞给你一篮新摘的草药：""师兄顺路，带一程。""
你拎着篮子出山门，药香一路跟着你走了十里。",正经,定稿,药圃,sect_qingyun
adventure_event,elder_guidance,通用,云州,通用,11,"后山的老松树下，是你当年背书练功的地方，树皮上还留着旧刻痕。
你伸手描了描那道痕——比记忆里浅了，也旧了。
风过松林，你把旧刻痕轻轻描完：山还是那座山，人已经不是当年的人。
---",正经,定稿,后山,sect_qingyun
adventure_event,sect_errand,通用,通用,通用,01,"执事堂里，清微道长的算盘打得噼啪响，头也不抬：""山门前新到了一批货，你去接。""
你领了牌子要走，他又补一句：""路费先记账上，回来一并算。""
差事归差事，账归账——执事堂的规矩，比山规还细。",正经+冷幽默,定稿,派差,sect_qingyun
adventure_event,sect_errand,练气-筑基,通用,通用,02,"你抱着卷宗在山道上跑，半路下起雨，你护着卷宗躲进亭子。
亭子里有个赶路的散修，看见你的腰牌，眼睛一亮：""青云门的？打听个事——""
你笑着摇头：""差事在身，改日再说""——消息比腿快，嘴要比腿慢。",正经,定稿,跑腿路上,sect_qingyun
adventure_event,sect_errand,金丹-元婴,通用,通用,03,"库房的账目对不上，清微道长把两本账簿推到你面前：""你复核。""
你从日中查到日落，在第三页夹缝里找出一笔漏记的墨迹。
清微道长接过看了半晌，破天荒夸了一句：""眼还行。""又补一句：""再查一遍。""",正经+冷幽默,定稿,复核账目,sect_qingyun
adventure_event,sect_errand,练气-筑基,通用,通用,04,"山门口，一个新入门的师弟被杂役为难，涨红了脸说不出话。
你上前两步，把师弟拉到自己身后：""他的差事，我替他跑一趟。""
杂役看了看你的腰牌，没再说什么——后来师弟送来一壶新茶，你收下了。",正经,定稿,替人解围,sect_qingyun
adventure_event,sect_errand,金丹-元婴,通用,通用,05,"你回执事堂交差，清微道长把差事单从头到尾勾了一遍。
末了他拨了拨算盘，报了个数，又添一句：""这趟辛苦，多记半日休沐。""
你领了半日休沐正要走，门口又有人递来一张新差事单——清微道长隔着窗补一句：""休沐从明天起。""",正经+冷幽默,定稿,交差领赏,sect_qingyun
adventure_event,sect_errand,通用,云州,通用,06,"山门货栈的货一到，执事堂的差事就多——你这一天，光搬箱子就搬了三趟。
管库的师兄塞给你两个热馒头：""垫垫，晚上还有一船。""
你啃着馒头坐在货箱上，看晚霞给山门镀了层金边——日子琐碎，却安稳。",正经,定稿,山门货栈,sect_qingyun
adventure_event,sect_errand,通用,云州,通用,07,"账房的灯亮到四更，你陪清微道长把最后一笔账轧平。
他起身时晃了晃脖子，难得说了句人话：""你比上一任强。""
你心说上一任大概是累跑的，嘴上答：""应该的。""",正经+冷幽默,定稿,账房,sect_qingyun
adventure_event,sect_errand,通用,云州,通用,08,"膳堂缺人手，你被派去帮了一天的厨——切菜切得手酸，练剑都没这么累。
掌勺的师父尝了你调的味，评价是：""能吃。""
""能吃""两个字，在膳堂已算难得的好话。",正经+冷幽默,定稿,膳堂帮工,sect_qingyun
adventure_event,sect_errand,通用,云州,通用,09,"你被派去药圃轮值，管圃的师弟给你列了一串禁忌，末尾郑重其事：""别浇错水。""
你照看了一整天，临了才发现——他把最娇贵的那畦，悄悄留给了你。
你蹲在那畦药前笑了半天：这差事，分明是有人疼你。",正经,定稿,药圃轮值,sect_qingyun
adventure_event,sect_errand,通用,云州,通用,10,"后山巡夜是执事堂最清闲也最熬人的差事——一夜无事，就是最好的事。
你提着灯笼绕了两圈，在山道边遇上一只迷路的羊，顺手牵回山下。
第二天，农户提着一篮鸡蛋上山谢你。清微道长在旁看着，没说话——但你的差事单上，多批了一行字。",正经,定稿,后山巡夜,sect_qingyun
adventure_event,sect_errand,通用,云州,通用,11,"月末交卸差事牌子，清微道长把牌子收进匣子，又推出一只小银盒：""这个月的例钱。""
你接过来，没当场打开——回到住处才看，里面比说好的多了些。
执事堂的账从不出错；会错的都是人——今晚这笔，你收进心里了。
---",正经+冷幽默,定稿,交卸牌子,sect_qingyun
adventure_event,sect_duel,练气-筑基,通用,通用,01,"钟声响过三遍，演武场列队点名，轮到你时，教习师兄顿了顿：""又迟到？""
你举手：""在药圃帮工，不算迟到。""
师兄点点头，在名册上记下一行：""药圃帮工，罚扫演武场三日。""",正经+冷幽默,定稿,校场点名,sect_qingyun
adventure_event,sect_duel,通用,通用,通用,02,"演武场上，师兄朝你抱拳，你也回礼——剑还没出鞘，你已经知道他快了多少。
三招过后你被震退两步，他收剑：""架子稳了，力气还差一截。""
他拍拍你肩膀：""回去再练三个月，输的那杯茶，我先记在账上。""",正经,定稿,与师兄过招,sect_qingyun
adventure_event,sect_duel,金丹-元婴,通用,通用,03,"连胜两场，演武场边看的人越来越多——第三场，你打的是两位同门的联手。
你以一敌二，最后一击收在对方衣角前一寸，场边静了一瞬，又炸开叫好。
你抱拳下场——赢的不是胜负，是让他们记住了你的名字。",正经,定稿,车轮战被围观,sect_qingyun
adventure_event,sect_duel,练气-筑基,通用,通用,04,"新入门的师弟举着剑，认真得浑身都在使劲，你陪他喂了半个时辰的招。
他一剑刺来，你侧身让过，顺势点了点他手肘：""这儿，松一点。""
师弟一剑递得果然顺了——然后一转身，把招式忘了个干净。",正经+冷幽默,定稿,陪新师弟喂招,sect_qingyun
adventure_event,sect_duel,金丹-元婴,通用,通用,05,"入夜，你在演武场角落自己复盘今日的过招，一板一眼重走拳架。
教习师兄不知何时站在场边看完了全程：""输的那招，你自己找着了？""
你点头，他难得笑了一下：""找着了，就不算白输——明天，我陪你过。""",正经,定稿,收功复盘,sect_qingyun
adventure_event,sect_duel,通用,云州,通用,06,"讲法堂每月开讲一回，座满时连门槛上都坐着人——你挤不到前排，就站在梁柱边听。
长老讲的是最基础的吐纳，可你越听越觉得，自己平日练的，漏了半个呼吸。
散堂后你追出去问，长老只回一句：""听进去了，就是你的。""",正经,定稿,讲法堂,sect_qingyun
adventure_event,sect_duel,通用,云州,通用,07,"执事派你去祖师堂清扫，你跪在蒲团上，把供桌擦了一上午。
守堂的老修士全程盯着你擦完，才慢悠悠点头：""祖师爷看了一上午，说你擦得还算干净。""
你出门没走两步，听见他在身后小声补了句：""其实祖师爷哪会说话——这话是我说的。""",正经+冷幽默,定稿,祖师堂,sect_qingyun
adventure_event,sect_duel,通用,云州,通用,08,"你在思过崖面壁三日，崖上风硬，吹得你满脑子都是招式——倒是把一招卡了半月的剑法想通了。
下山时遇见同样来思过的师兄，两人对视，谁也没问对方犯了什么事。
山规如山，但思过崖的风，从来不传闲话。",正经,定稿,思过崖,sect_qingyun
adventure_event,sect_duel,通用,云州,通用,09,"灵泉边的石凳是演武弟子疗伤的老位置，你霸占了一个时辰，泉水换了三回。
有师兄路过：""伤得重？""你摇头，他立刻放心地占了另一头：""那正好，我伤得也不重。""
宗门惯例：伤轻的让座，伤重的装没事——今天你俩，谁都没问对方伤在哪。",正经+冷幽默,定稿,灵泉,sect_qingyun
adventure_event,sect_duel,通用,云州,通用,10,"竹林深处藏着一片练剑的空地，落叶积了半尺，踩上去沙沙响。
你在这里练了整整一个下午的劈砍，把一棵老竹砍出了三道白痕。
临走你把白痕拂了拂——竹子记性差，明日再来，它还是新的。",正经,定稿,竹林,sect_qingyun
adventure_event,sect_duel,通用,云州,通用,11,"演武场正中的比武台，只有每月大比才开——你路过时，台上正空着。
守台的老执事见你盯着看，招手：""上来试试？摔了不丢人，台边没人看。""
你跳上台站了一会儿，被山风灌得打了个激灵——下来时，老执事已经在名册上给你记了大比的名。
---",正经+冷幽默,定稿,比武台,sect_qingyun
adventure_event,sect_trial,练气-筑基,通用,通用,01,"执事堂的差事单递到你手里时，窗外山雾还没散——你领了牌子，把单子折好收进怀里。
下山的路你走过百回，这一回腰牌换了新的，步子也换了新的。
山门在身后合拢，你回头看了一眼：门里的事，回来再算。",正经,定稿,领命下山,sect_qingyun
adventure_event,sect_trial,金丹-元婴,通用,通用,02,"官道边，一个赶车的老人正对着陷进泥里的车轮发愁，你路过，弯腰搭了把手。
车出了泥，老人千恩万谢，非要问你姓名：""是哪家的仙长？""
你摆手：""青云门的。""——报宗门名号时，你第一次觉得腰牌沉甸甸的。",正经,定稿,途中遇凡人求助,sect_qingyun
adventure_event,sect_trial,通用,通用,通用,03,"两州交界的官道上，你撞见一队他宗弟子，双方隔着道互相打量。
对方领头的抱拳：""青云门的？""你抱拳回礼：""路过，借道。""
江湖规矩：出门办差的遇上出门办差的，能不打就不打——一个比一个急着回山。",正经+冷幽默,定稿,过他宗地界,sect_qingyun
adventure_event,sect_trial,练气-筑基,通用,通用,04,"山脚市集逢五开集，你挤在人堆里，按单子采办宗门的份例——盐、布、笔墨，还有一篓新炭。
摊主见你腰牌，把秤杆抹得高高的：""青云门的，便宜些——下回还来我家买。""
你拎着东西往山上走，越想越觉得：这便宜是宗门名字赊给你的，回头得在差事上还。",正经+冷幽默,定稿,山脚市集采办份例,sect_qingyun
adventure_event,sect_trial,金丹-元婴,通用,通用,05,"日头西斜时你回到山门，把差事单和余下的份例一起交回执事堂。
清微道长一样样点了过去，末了在单子上勾了一笔：""齐了。""
你退出门时听见他拨算盘的声音——山门里的日子，又把你接了回来。",正经,定稿,回山交令,sect_qingyun
adventure_event,sect_trial,通用,云州,通用,06,"官道上的茶亭，是下山弟子最爱歇脚的地方——茶钱从简，续水不要钱。
你坐下时，对面一个货郎正给茶博士讲山下的新鲜事，讲得茶博士勺子都忘了放。
你听了一耳朵：山下的日子，和山上的规矩，是两本账。",正经,定稿,官道茶亭,sect_qingyun
adventure_event,sect_trial,通用,云州,通用,07,"下山路过一个村口，你被一群孩子围住，个个仰头问：""仙长，你会飞吗？""
你认真想了想：""现在还不会——等会了，先飞回来给你们看。""
孩子们哄笑着散开，你摸摸鼻子往山下走：大话已经许出去了，得练了。",正经+冷幽默,定稿,村口,sect_qingyun
adventure_event,sect_trial,通用,云州,通用,08,"云州渡口的船家认得青云门的腰牌，过河只收半价，还多送你一程船头。
你站在船头看两岸的田垄往后退，风里有稻花的甜味。
摆渡的老船家说，他年轻时也差点上山修行——后来觉得，撑船比打坐踏实。",正经,定稿,渡口,sect_qingyun
adventure_event,sect_trial,通用,云州,通用,09,"冬日山道落了雪，你踩着半尺深的雪下山，一脚下去一个坑。
走到半道，身后多了一串脚印——你回头，是一只不知哪来的狗，跟了你一路。
你分它半个干粮，它吃完又跟上——你俩大眼瞪小眼：这趟差事，算它的，还是算你的？",正经+冷幽默,定稿,山道雪径,sect_qingyun
adventure_event,sect_trial,通用,云州,通用,10,"半山的驿站是上下山弟子的中转处，你进去烤火时，已经坐了三个同门。
谁也不说话，各自对着火堆出神——出门的想山门，回山的想山下。
你添了根柴，火光跳了跳：这半天，谁都把差事在心里过了一遍。",正经,定稿,半山驿站,sect_qingyun
adventure_event,sect_trial,通用,云州,通用,11,"山脚的石桥是下山最后一道景——桥头立着一块碑，写着""青云门下，与人为善""。
你每次路过都在琢磨这八个字，这回终于琢磨明白了：大概是怕弟子在自家门口惹事。
你对着碑拱了拱手，把这八个字收进怀里——出门在外，它就是你的名帖。
---",正经+冷幽默,定稿,山脚石桥,sect_qingyun
adventure_event,elder_guidance,通用,通用,通用,01,"方丈玄渡让你端一碗水绕寺走三圈，水不许洒。
走完三圈，他接过碗，看了看水面，只问了一句：""你看见路了，还是只看见了碗？""
你愣了愣——回寺的路上，你光顾着看碗，忘了看路。",正经,定稿,考校,sect_jingang
adventure_event,elder_guidance,金丹-元婴,通用,通用,02,"玄渡一掌抵在你背上，小半日光景，你气血里的滞涩被一寸寸化开。
他收手时额角见了细汗，声音却稳：""皮囊是渡船，别让它先沉了。""
你起身拜谢，背上的暖意久久不散——这一掌，胜读三年经。",正经,定稿,传法画面,sect_jingang
adventure_event,elder_guidance,练气-筑基,通用,通用,03,"后山石洞里，你对着拳谱枯坐三日，筋骨越练越僵。
净持路过看了一眼：""你在跟拳谱较劲，还是跟你自己较劲？""
你豁然——较劲的对象错了，拳先顺了一半。",正经,定稿,点化,sect_jingang
adventure_event,elder_guidance,练气-筑基,通用,通用,04,"戒律堂前，净持脱了袈裟，给你打了一趟最基础的罗汉拳。
不快，但每一拳都像夯进地里，拳风压得你衣角贴背。
他收势：""架子正，拳才正。""你照着重走三遍，第三遍才听出拳风里的规矩。",正经,定稿,演武示范,sect_jingang
adventure_event,elder_guidance,金丹-元婴,通用,通用,05,"下山前夜，玄渡把你叫到佛前，良久只问了一句：""你下山，是去度人，还是去证自己？""
你答不上来，他也没等答案，只把一串旧念珠放进你手里。
山门外风大，你攥着念珠想了一路——这个问题，够你想很久。",正经,定稿,赠言,sect_jingang
adventure_event,elder_guidance,通用,朔州,通用,06,"伽蓝殿的香火经年不歇，你值殿时，把殿前石阶扫了三遍。
一位老香客跪了许久，起身时问你：""师父，寺里的灯，夜夜亮着，是照给谁看的？""
你想了一夜，第二天才答自己：照给赶夜路的人看。",正经,定稿,伽蓝殿,sect_jingang
adventure_event,elder_guidance,通用,朔州,通用,07,"藏经楼的楼梯比山道还陡，你借那卷手抄的注疏，守楼的老僧把钥匙搁在柜台上：""经有脾气，读急了它不认你。""
你抱着经卷上楼，脚下的吱呀声一路跟着。
读到一半你果然卡住了——老僧的话，在书页间等着你。",正经,定稿,藏经楼,sect_jingang
adventure_event,elder_guidance,通用,朔州,通用,08,"祖师塔林在寺后高坡上，雪盖着一座座石塔，塔尖的铜铃结了冰。
你被派去扫塔，把每座塔前的积雪清出一条道来。
扫到最老的那座时，你发现塔基上新刻了一行小字——是今春圆寂的师兄的名字。",正经,定稿,祖师塔林,sect_jingang
adventure_event,elder_guidance,通用,朔州,通用,09,"药王殿的香案上供着一尊药王，殿角的药柜比人高，一味味贴着黄签。
你伤了筋，来请跌打药，管药的老僧抓了药，又往你掌心放了一粒蜜丸。
""药苦，蜜不苦。""他说。你含着蜜丸出殿，连伤处都觉得没那么疼了。",正经,定稿,药王殿,sect_jingang
adventure_event,elder_guidance,通用,朔州,通用,10,"钟楼的梁上挂满冰棱，你值钟，寅时三刻撞第一响。
钟声贴着雪地滚出去，惊起岗上几只寒鸦，又落回雪里。
你数着回音等第二响——北地的晨，是从这一声开始醒的。",正经,定稿,钟楼,sect_jingang
adventure_event,elder_guidance,通用,朔州,通用,11,"夜半，你在禅房外徘徊，想白日里一句没参透的话。
屋里的灯亮了，玄渡的声音从窗缝透出来：""进来说。""
你推门进去，他正往炉里添炭，也不看你。炭火噼啪响了一声，他拨了拨灰：“说。”",正经,定稿,禅房,sect_jingang
adventure_event,sect_errand,通用,通用,通用,01,"戒律堂里，净持把一块木牌推到你面前：""后山巡夜，三更到五更。""
你领了牌子要走，他补一句：""巡的是山，守的是心。别走神。""
山里的夜风硬，你攥着牌子想：守心，比守山难。",正经,定稿,派差,sect_jingang
adventure_event,sect_errand,练气-筑基,通用,通用,02,"冬夜巡山，雪没过脚踝，你提着灯笼沿山道走，一步一个响。
走到断崖边，你看见两行新鲜的兽印——是夜行的狼，往寺后去了。
你吹熄灯笼，贴着崖壁跟上去；天亮时，兽印消失在寺墙外的松林里。",正经,定稿,巡山,sect_jingang
adventure_event,sect_errand,金丹-元婴,通用,通用,03,"秋深，寺里存粮见底，净持派你下山化缘。
你走了三个村镇，大半个粮袋满了——布施的农人不多话，往袋里添粮时手很稳。
回山路上你想：化来的不是粮，是人情；人情这东西，得慢慢还。",正经,定稿,化缘募粮,sect_jingang
adventure_event,sect_errand,练气-筑基,通用,通用,04,"守山门是件顶熬人的差事——你站了一天，看了四回云，数了两遍台阶。
日头偏西时，来了一只寻路的狐狸，在你脚边蹲下，也不怕人。
你分了它半块干粮，它叼着跑了；第二天，你门口多了几颗野果，摆得整整齐齐。",正经,定稿,守山门,sect_jingang
adventure_event,sect_errand,金丹-元婴,通用,通用,05,"巡夜回来，你把木牌交回戒律堂，净持接过，在簿子上勾了一笔。
他抬眼看了看你眼底：""一夜没合眼？今晚不必巡了。""
你愣住——倒是头一回见戒律堂的簿子上，记下""免差""两个字。",正经,定稿,交差,sect_jingang
adventure_event,sect_errand,通用,朔州,通用,06,"寺里的柴房缺人，你被派去劈了一天的柴。
劈到日暮，你看着码得齐整的柴垛，忽然明白寺里为什么总说""一日不作，一日不食""。
收工时，伙房的老僧多给了你一个热馒头。",正经,定稿,柴房,sect_jingang
adventure_event,sect_errand,通用,朔州,通用,07,"地窖里存着过冬的菜，你被派下去清点，窖口呼出的气都成了白雾。
你点完菜，又顺手把角落一坛腌菜翻了个面——坛口结了霜，腌菜倒是脆生生的。
上来时你带了两颗萝卜，伙房的老僧见了：""窖里凉，别久待。""",正经,定稿,地窖,sect_jingang
adventure_event,sect_errand,通用,朔州,通用,08,"北风把寺墙吹裂了一道口子，你提了泥桶去补，补到一半手冻僵了。
你呵着气搓了搓手，把最后一铲泥拍实，又沿着墙根走了一趟，看还有没有别处露风。
巡到东墙时，你发现菜园边的棚下蹲着一只冻得发抖的野猫——你把它抱进棚里，垫了件旧僧衣。",正经,定稿,菜园,sect_jingang
adventure_event,sect_errand,通用,朔州,通用,09,"寮房里分派冬日的杂务，你领了""巡夜备炭""的差事，把各屋的炭盆一一添满。
添到一间空寮时，你看见桌上压着一封没寄出的家书——是下山师兄的字迹。
你添了炭，把家书原样压好，退出去掩上门。",正经,定稿,寮房,sect_jingang
adventure_event,sect_errand,通用,朔州,通用,10,"放生池半结了冰，你敲开一角，给池里的鱼透气，又洒了一把碎米。
池边的石栏上，有人刻着""放生""两个字，字口被岁月磨圆了。
你蹲着看鱼抢食，看了半晌——池水安静，心里也跟着安静。",正经,定稿,放生池,sect_jingang
adventure_event,sect_errand,通用,朔州,通用,11,"斋堂的云板一响，弟子们放下手里的活计鱼贯进来，各自落座，等诵过供养偈才动筷。
你帮着分粥，分到最后，锅底还有一勺——你匀给了个子最小的那个沙弥。
他自己没吃，先把碗端到佛前供了一炷香的时间，才回来吃那半碗凉粥。",正经,定稿,斋堂,sect_jingang
adventure_event,sect_duel,练气-筑基,通用,通用,01,"罗汉堂的晨课，列队点名，轮到你时，教习的师兄顿了顿：""昨夜巡山，可还撑得住？""
你答""撑得住""，他点头，在簿上记了一笔，合十念了一声佛。
晨光斜进堂来，你把背挺直——寺里的规矩，不问苦，只问撑不撑得住。",正经,定稿,校场点名,sect_jingang
adventure_event,sect_duel,通用,通用,通用,02,"演武场上，师兄朝你合十一礼，你也回礼——他的拳还没到，拳风先到了。
你硬接三记，退半步时脚跟在青砖上一蹭，借力拧腰，生生把第四记震了回去。
他拳势一滞，变掌锁住你的腕子：""接得住和化得开，是两回事。""",正经,定稿,与师兄过招,sect_jingang
adventure_event,sect_duel,金丹-元婴,通用,通用,03,"连战三场，演武场边的师兄弟围成半个圈子——第三场，你对面站了两个人。
你一敌二，挨了三拳，回了四拳，最后一拳在对方胸口前半寸转掌为拍，顺势扶稳了他。
场边静了一瞬，净持的声音从廊下传来：""打得收得住，才算没白练。""",正经,定稿,车轮战被围观,sect_jingang
adventure_event,sect_duel,练气-筑基,通用,通用,04,"新入门的小沙弥举着拳，认真得眉毛都拧起来，你陪他喂了半个时辰的招。
他一拳打来，你不躲不闪，硬受了一记：""这一拳，劲从哪起的？""
他想了想：""胳膊。""你摇头：""再摸。""他试了三次，第四次才答：""脚跟。""
他再出拳，果然顺了——顺到忘形，一记冲拳没收住，打在自己膝盖上。
你把他从地上捞起来，他苦着脸揉膝盖，你替他拍掉衣上的土：""记住，力从脚跟起，收从膝盖止。""",正经,定稿,陪师弟喂招,sect_jingang
adventure_event,sect_duel,金丹-元婴,通用,通用,05,"入夜，你在罗汉堂角落复盘今日的拳，一板一眼重走架子。
脚步声先到——净持在门槛外站定，没进来，隔着门看了全程，你等着他挑毛病。
他什么也没挑，只在你收架子时说了句：""明日，面壁崖见。""——你把这五个字，当作入寺以来头一回的夸。",正经,定稿,收功复盘,sect_jingang
adventure_event,sect_duel,通用,朔州,通用,06,"木人室里立着十几具铁木桩人，你从早练到晚，关节打得发酸。
收功时，你把最老那具木人肩头的掌印又加深了一分——那是你三年前留下的第一掌。
你摸着自己打出的印子想：它在替你记着，你练了多久。",正经,定稿,木人室,sect_jingang
adventure_event,sect_duel,通用,朔州,通用,07,"韦陀殿里，净持让你当众走一趟拳架，你走到第三式，他叫了停。
""肘太高。""他示范了一遍，又让你从头走。
你走了七遍，才听见他一声""过""——出殿时，你后背的汗已经凉透了。",正经,定稿,韦陀殿,sect_jingang
adventure_event,sect_duel,通用,朔州,通用,08,"面壁崖上的风比别处硬，你因一句妄语被罚面壁三日。
三日后你下来，净持问你参出什么，你答：""话出口之前，先过一遍心。""
他点了点头，让师兄给你端了碗热姜汤——崖上的风没白吹。",正经,定稿,面壁崖,sect_jingang
adventure_event,sect_duel,通用,朔州,通用,09,"寺后的冻土灵泉常年不冻，泉边结着薄霜，水汽却暖。
你练拳伤了腰，在泉边泡了半日，寒气从骨缝里一点点逼出去。
起身时，泉面倒映着极光——你忽然觉得，这点酸疼也算福气。",正经,定稿,冻土灵泉,sect_jingang
adventure_event,sect_duel,通用,朔州,通用,10,"寺外冻溪冰面被踩得发亮，你踏冰练步，一步一顿，练的是下盘。
冰面滑，你摔了不知多少跤，最后一次站稳后，你沿着冰面走了一个来回。
收功时你才发现——冰面上的脚印，从歪歪扭扭，走成了直直的一行。",正经,定稿,冻溪,sect_jingang
adventure_event,sect_duel,通用,朔州,通用,11,"寺前的雪坪被月光照得发白，你赤着脚踩上去，雪在脚下咯吱响。
你在雪里打了一趟拳，收势时，雪地上留下一个完整的脚印圈。
第二天你去看——脚印圈还在，雪又落了一层，像给拳印盖了床被子。",正经,定稿,寺前雪坪,sect_jingang
adventure_event,sect_trial,练气-筑基,通用,通用,01,"方丈让你下山游方三月，你领了度牒，天没亮就出了山门。
朔风灌进领口，你拢了拢僧衣，把念珠缠上手腕。
木门在身后吱呀一声合上，你数着自己的脚步下了山——这是你头一回独自走远路。",正经,定稿,领命下山,sect_jingang
adventure_event,sect_trial,金丹-元婴,通用,通用,02,"官道边的盐车断了轴，盐袋滚了半地，赶车的汉子急得直搓手。
你上前搭了把手，把盐袋一袋袋码回车上，又用树皮绳替他把断轴缠紧。
汉子翻遍口袋要谢你，问是哪家师父：""云州的？还是北边的？""你合十：""金刚寺的。""
他塞给你半袋盐：""拿着路上吃。""——你背着盐袋上路，觉得它比来时扛的那袋还沉些。",正经,定稿,途中遇凡人求助,sect_jingang
adventure_event,sect_trial,通用,通用,通用,03,"两州交界的岔路口，一队他宗弟子正歇脚，见你走来，先收了兵刃。
你合十一礼，领头的抱拳回礼：""大师傅，借道？""你答：""赶路而已，两不相扰。""
江湖规矩：僧俗有别，各走一边——出门在外，和气就是护身符。",正经,定稿,过他宗地界,sect_jingang
adventure_event,sect_trial,练气-筑基,通用,通用,04,"山脚市集，你按单子采办寺里的常例——灯油、盐、粗布，还有一篓干柴。
摊主称完了盐，又往秤盘上添了一把，用油纸包好：""寺里的师父，路上吃。""
你拎着东西往回走，心里盘算：这份人情，得记在寺里账上，回头念经时还。",正经,定稿,山脚市集采办,sect_jingang
adventure_event,sect_trial,金丹-元婴,通用,通用,05,"游方归来，你在山门外解下行囊，先把念珠重新缠好。
净持迎出来，上下看你一眼：""黑了，也稳了。去方丈处交令。""
你走进大殿，玄渡正在佛前添香，头也不回：""回来了就好。歇着吧。""",正经,定稿,回山交令,sect_jingang
adventure_event,sect_trial,通用,朔州,通用,06,"山门外立着一块石碑，碑上""金刚寺""三个字被北风啃得发白。
你在碑前站了片刻，伸手拂去碑顶的积雪。
雪落下来，露出碑脚一行小字——""过此门者，回头看看来的路。""",正经,定稿,寺外冻土碑,sect_jingang
adventure_event,sect_trial,通用,朔州,通用,07,"夜行赶路，你在极光岗歇脚——岗上风大，天边的极光像一匹抖开的旧缎子。
你生了堆火，火苗在风里歪歪扭扭，你守着它坐了一夜。
天亮时极光褪了，岗下有人喊你的法号——是同门师兄，赶了半宿的路来寻你。",正经,定稿,极光岗,sect_jingang
adventure_event,sect_trial,通用,朔州,通用,08,"猎户村口晒着兽皮，木架被北风刮歪了一角，你路过时顺手扶正，又帮着把几根绳重新绷紧。
晒皮的汉子递你一碗热水，看你干活麻利，非要塞你一张旧皮子：""垫脚用。""
你推辞不过，收下了——这张皮子，够你垫上三个冬天。",正经,定稿,猎户村口,sect_jingang
adventure_event,sect_trial,通用,朔州,通用,09,"冰河渡口的船冻在岸边，河面结了厚冰，人直接踩着过去。
你帮一个背盐的老人把盐袋扛过河，冰面上走得小心，两步一停。
过了河，老人非要塞你两个冻梨，你收了——梨冻得梆硬，啃一口，甜得扎牙。",正经,定稿,冰河渡口,sect_jingang
adventure_event,sect_trial,通用,朔州,通用,10,"风雪驿在风口，木门被北风拍得哐哐响。
你进去避风，屋里只有一个卖炭的老汉，他给你挪了个位置，又往炉里添了根柴。
炭火噼啪，你问他前面的路，他塞给你一小块炭：""揣着走，闻着烟囱味就不会迷路。""——这一路，鼻子真的没骗过你。",正经,定稿,风雪驿,sect_jingang
adventure_event,sect_trial,通用,朔州,通用,11,"溪口的木桥被雪压得吱呀响，你过桥时，桥下有两只鹿在喝水。
你放轻脚步，鹿抬头看了看你，又低下头去。
你过了桥，回头看了一眼——两只鹿还在那儿，雪落在它们背上，白了一小片。",正经,定稿,溪口木桥,sect_jingang
adventure_event,elder_guidance,通用,通用,通用,01,"顾望舒把三枚棋子推到你面前：""选一枚，说个理由。""
你选了中间那枚，说它摆得最正——他哼了一声，把三枚全收走了：""答案错了，但至少你敢答。""
你出了观星台还在琢磨：这题到底有没有答案？",正经+冷幽默,定稿,考校,sect_tianji
adventure_event,elder_guidance,金丹-元婴,通用,通用,02,"顾望舒把一卷星图摊开，指尖划过你卡住的关窍：""看这里——不是星动，是你看错了自己的位置。""
你顺着他的指法重新推演一遍，果然通了一角，屋里的灯芯爆了个花。
他收回手：""术数这行，错一步，全盘重来。记着。""",正经,定稿,传术画面,sect_tianji
adventure_event,elder_guidance,练气-筑基,通用,通用,03,"你对着卦盘发呆一整天，裴青萝路过，往你盘上撒了把瓜子：""别瞪了，卦盘不会自己开口——你倒是问啊。""
你试着开口问卦，瓜子壳里滚出一枚""吉""。
她捏着瓜子笑：""看，问出来了吧。""",正经+冷幽默,定稿,点化,sect_tianji
adventure_event,elder_guidance,练气-筑基,通用,通用,04,"裴青萝在案上铺一张空符，笔走龙蛇地画了一道，符纸亮了一瞬又暗下去。
她递给你：""照着画，画满一百张。""
你画到第七十三张才有一张像样的——她拿起来看了看：""七十三，还行。""",正经,定稿,演示,sect_tianji
adventure_event,elder_guidance,金丹-元婴,通用,通用,05,"下山前，顾望舒把一只旧罗盘放进你手里，言简意赅：""认路用。别算自己。""
你谢过要走，他又补一句：""算准了不许说，说了要挨雷劈。""
你攥着罗盘下了楼，心里那点离愁，被他一句话劈没了。",正经+冷幽默,定稿,赠言,sect_tianji
adventure_event,elder_guidance,通用,云州,通用,06,"八角楼的檐下悬着一串串铜风铃，风过时叮当响，是阁里测风的法子。
教习的师兄带你在廊下认风——他说，风有八面，铃有九音，认全了才算入门。
你听了半日，只分得出三种；他也没恼：""慢慢来，铃不赶人。""",正经,定稿,风铃廊,sect_tianji
adventure_event,elder_guidance,通用,云州,通用,07,"阁主书斋的灯彻夜不熄，你进去送茶时，顾望舒正对着一盘残局出神。
你放下茶盏要走，他忽然开口：""你能算出我下一步走哪么？""
你认真看了看棋盘：""走哪步都输。""他难得笑了一下：""茶留下，人出去。""",正经+冷幽默,定稿,阁主书斋,sect_tianji
adventure_event,elder_guidance,通用,云州,通用,08,"八角楼的顶层四面开窗，是望气最好的地方——你轮值守楼，在这里看了一天的云。
云从南来，带雨；云从北来，带风；你把这些记进册子，一条一条。
傍晚收册时，你发现朝西的窗棂上新落了一层灰——西边，是云州城的灯火。",正经,定稿,八角楼顶,sect_tianji
adventure_event,elder_guidance,通用,云州,通用,09,"卦案室的旧卦堆到房梁，你被派去翻检，翻出一卷三十年前的断卦。
卦上批着""天机不可泄""，底下又有人添了一行小字：""主家忘了给钱。""
你捧着这卷卦笑了半天——阁里的先辈，也有等不到卦金的时候。",正经+冷幽默,定稿,卦案室,sect_tianji
adventure_event,elder_guidance,通用,云州,通用,10,"符箓坊的灯亮到三更，你陪老师傅赶完一批订单，满屋都是墨香。
老师傅收笔，把最后一沓符纸压好：""手熟了。明日来，教你画'雨'字诀。""
你出门时，灯还亮着——坊里的规矩，灯不等人，人也不等灯。",正经,定稿,符箓坊,sect_tianji
adventure_event,elder_guidance,通用,云州,通用,11,"云州城墙头的垛口风大，你被派上去校罗盘——墙高，离天近，磁针稳些。
校到一半，城下的守军喊你：""那位先生，你站那么高，小心掉下来！""
你回他：""掉下来也有卦接着。""——说完你自己先笑了，这卦怕是不太灵。",正经+冷幽默,定稿,云州城墙头,sect_tianji
adventure_event,sect_errand,通用,通用,通用,01,"裴青萝把一摞卦案推到你面前：""归档。按年份，按事由，按……算了，按我心情。""
你归档到一半发现——她按的确实是心情，去年三月的事记在腊月名下。
你去找她核对，她头也不抬：""卦案嘛，讲究个天机。""",正经+冷幽默,定稿,派差,sect_tianji
adventure_event,sect_errand,练气-筑基,通用,通用,02,"你抱着刚画好的符纸跑下八角楼，去城东的铺子交货。
路上撞见一个看相的拦人拉生意，拉着路人说""你印堂发黑""。
你路过没说话——生意场上的事，不出手就是出手。",正经,定稿,跑腿路上,sect_tianji
adventure_event,sect_errand,金丹-元婴,通用,通用,03,"顾望舒让你复核三年前的卦册，你把卦册按节气重新摊开比对，末了在惊蛰册的封皮夹层里摸出一张补写的纸条。
你拿去问他，他看了半晌：""改得没错。""又补一句：""但你不该看出来。""
你回了案房，把这句话也记进册子——阁里的话，句句都是卦。",正经+冷幽默,定稿,复核卦案,sect_tianji
adventure_event,sect_errand,练气-筑基,通用,通用,04,"楼下柜台前，一个新来的弟子被客人问住了天象，涨红了脸。
你上前两步，替他把话接过去，三两句岔开了客人的追问。
客人走了，那弟子小声道谢，你摆摆手：""下次问不出来的，就说'待勘'——天机，都待勘。""",正经,定稿,替人解围,sect_tianji
adventure_event,sect_errand,金丹-元婴,通用,通用,05,"你把差事册交回观星台，顾望舒翻了一遍，末了问了一句：""算过自己今年走什么运么？""
你摇头，他难得地弯了下嘴角：""还算明智。算自己的，十有八九要挨雷劈。""",正经+冷幽默,定稿,交差领赏,sect_tianji
adventure_event,sect_errand,通用,云州,通用,06,"符纸库房的架子顶到房梁，你被派去盘库，一沓一沓点数——数到后来，你看见符纸就发晕。
盘完库，你报了个数，管库的师兄咦了一声：""多了三沓。""
你俩对视一眼，把多的三沓分了：""库房的规矩：数不清的，算阁里的。""",正经+冷幽默,定稿,符纸库房,sect_tianji
adventure_event,sect_errand,通用,云州,通用,07,"青石坊市是云州城外的老集市，天机阁的采买常在这里办。
你按单子置办机关件——铜丝、小轮、磁石，摊主一样样给你称好。
末了摊主问：""又是给那栋楼的？""你点头，他往包里多塞了两颗磁石：""替我给楼上带个好。""",正经,定稿,青石坊市,sect_tianji
adventure_event,sect_errand,通用,云州,通用,08,"城西驿站收到一封加急信，指名天机阁收，你跑一趟去取。
驿卒递信时上下打量你：""先生，这信我们驿站传了三道手，没人敢拆。""
你拆了信皮，里面只有一行字——""今夜有雨，记得收符。""你抬头看天，万里无云。",正经,定稿,城西驿站,sect_tianji
adventure_event,sect_errand,通用,云州,通用,09,"阁门房是迎客登记的地方，你值了半天，进来三个问卦的、两个退单的、一只寻路的猫。
猫在门槛上坐了一会儿，见没人理它，自己走了。
管门的师兄望着猫的背影感叹：""还是它干脆，问完就走，绝不纠缠。""",正经+冷幽默,定稿,阁门房,sect_tianji
adventure_event,sect_errand,通用,云州,通用,10,"机关库里锁着阁里的老物件，你被派去给机簧上油。
上油时你碰开一只旧匣，里面是一只木鸟，翅膀上刻着""望舒制""三个字。
你小心地把木鸟放回去，上好了锁——阁主年轻时的手艺，比现在的活儿细。",正经,定稿,机关库,sect_tianji
adventure_event,sect_errand,通用,云州,通用,11,"墨坊在阁后的巷子里，专门制画符的墨，你隔三差五去取货。
老师傅磨墨时不说话，你等墨时也不说话，两人就着墨香干坐。
末了他把墨递给你，终于开了口：""你比上次那个话多的强。""——这算是坊里的最高评价了。",正经+冷幽默,定稿,墨坊,sect_tianji
adventure_event,sect_duel,练气-筑基,通用,通用,01,"符箓场的晨课列队，轮到你时，教习师兄顿了顿：""昨夜的符画完了？""
你举手：""画完了，烧了七张，成了三张。""
师兄点点头，在簿上记下：""烧七成三，罚扫符箓场三日。""",正经+冷幽默,定稿,校场点名,sect_tianji
adventure_event,sect_duel,通用,通用,通用,02,"演武场上，同门朝你亮出一叠符，你也亮了亮自己的——还没开打，两人先数对方的符。
三张符对完，你输了半招，他收手：""符少了，术慢了，回去再画。""
你点头认账：术数这行，输的不是手，是算。",正经,定稿,与同门过招,sect_tianji
adventure_event,sect_duel,金丹-元婴,通用,通用,03,"连破两阵，场边围的人越来越多——第三阵，你对面是两个同门的联手机关阵。
你拆了左路的机关，又算准右路的节奏，最后一刻错身而过，机关停在他俩脚边一寸。
场边静了一瞬，顾望舒的声音从楼上飘下来：""还成。""",正经,定稿,车轮战被围观,sect_tianji
adventure_event,sect_duel,练气-筑基,通用,通用,04,"新来的师弟画符，画得认真，笔下的符却歪七扭八，活像一条醉蚯蚓。
你陪他画了一下午，教他运笔的节奏，他总算画出一条像样的。
他举着符兴冲冲去试，符纸""噗""地烧成灰——你俩对视一眼：""至少，它烧得很标准。""",正经+冷幽默,定稿,陪新手喂招,sect_tianji
adventure_event,sect_duel,金丹-元婴,通用,通用,05,"入夜，你在符箓场角落复盘今日的败招，一板一眼重新推演。
裴青萝拎着灯来看了一眼：""输的那步，你算到第几层？""
你答""第三层""，她吹了吹灯芯：""难怪——人家算到第四层。""",正经+冷幽默,定稿,收功复盘,sect_tianji
adventure_event,sect_duel,通用,云州,通用,06,"机巧阁里摆着阁里前辈造的机关人，你被派去陪它过招——它一招一式，都是旧人的手笔。
你和机关人对拆了几十招，它忽然停了，关节咔咔响了两声。
守阁的师兄说：""它认你了，记住你的路数了。""——你有点发毛，又有点得意。",正经,定稿,机巧阁,sect_tianji
adventure_event,sect_duel,通用,云州,通用,07,"符试场是验符的地方，你画了一沓符，一张张试过去，烧了大半。
最后一张亮了，你大喜，举着它跑去找教习师兄。
他看了看：""亮是亮了。""顿了一下：""可是你把符画反了。""——你举着那张""反向""的符，半天没说出话。",正经+冷幽默,定稿,符试场,sect_tianji
adventure_event,sect_duel,通用,云州,通用,08,"棋盘室是阁里弟子以棋比术的地方——落子如布阵，一局能下一天。
你和师兄下了一局，他赢你半目，收子时点评：""你的棋，气太盛。""
你回去琢磨了一夜：术数如棋，气盛则漏——这句话，比赢棋值钱。",正经,定稿,棋盘室,sect_tianji
adventure_event,sect_duel,通用,云州,通用,09,"藏器阁收着阁里历代弟子的法器，你被派去擦拭——抹布擦到一根短杖时，杖头""啪""地亮了。
管阁的老先生闻声赶来，看了看：""哦，它认你。""
你问认了会怎样，他想了想：""大概是想让你带它出去转转。""——你俩对着这根发光的杖子，谁也没敢先伸手。",正经+冷幽默,定稿,藏器阁,sect_tianji
adventure_event,sect_duel,通用,云州,通用,10,"天机阁的飞檐，是弟子们比身法的地方——脚下一错，就要到邻楼檐上去借力。
你与师兄在檐上过了三回，输了半招，脚下一滑，被他一把捞住。
他把你提回檐上：""身法差点，认路的功夫倒是一流。""——你记住了这句话，比赢还受用。",正经,定稿,檐上,sect_tianji
adventure_event,sect_duel,通用,云州,通用,11,"水镜台是一方水池，水面平得能照见星图，是阁里验术的地方。
你对着水镜验一道新符，符成，水面只起了一丝涟漪——师兄说：""成了。""
你正高兴，他补一句：""按规矩，验成的符要泡在水里看三天，防它漏水。""你看着那道符，忽然觉得它有点可怜。",正经+冷幽默,定稿,水镜台,sect_tianji
adventure_event,sect_trial,练气-筑基,通用,通用,01,"顾望舒派你下山走一趟堪舆的差，你领了差帖和罗盘，天没亮就出了阁门。
晨雾里，八角楼的檐角在身后渐渐模糊，你低头看了看新配的罗盘。
这是你头一回独自出远差——楼里的规矩，出得去，才算学得成。",正经,定稿,领命下山,sect_tianji
adventure_event,sect_trial,金丹-元婴,通用,通用,02,"官道上，一个赶路的书生拦住你，问你""前路吉凶""。
你掐指算了算，认真答他：""吉。但你要先绕过前面那个泥坑。""
书生千恩万谢走了，你看着他的背影想：这卦就值一个泥坑的卦金。",正经+冷幽默,定稿,途中遇凡人求助,sect_tianji
adventure_event,sect_trial,通用,通用,通用,03,"两州交界的驿道上，你正蹲着看界碑的刻字，身后传来一声：""看碑的，哪一派的？""
你起身，一队青云门弟子在道上停脚，领头的按着剑，倒没拔出来。
你抱拳自报""天机阁，路过堪舆""，他松了剑柄回礼——算命的遇上修道的，各走各的，都不容易。",正经,定稿,过他宗地界,sect_tianji
adventure_event,sect_trial,练气-筑基,通用,通用,04,"山脚市集，你支了个小摊替人看卦，卦资随缘，收了两把青菜。
收摊时，一个妇人抱来一只病鸡，问你""还有救吗""，你看了看：""啄食还行，命硬。""
三天后你在城门口遇见那只鸡，精神得很，妇人朝你直招手。",正经+冷幽默,定稿,山脚市集采办,sect_tianji
adventure_event,sect_trial,金丹-元婴,通用,通用,05,"回阁交差，你把堪舆图和差帖一并交到观星台。
顾望舒展开图看了半晌，抬头：""画得不错。""顿了一下：""就是方向反了。""
你一愣，他难得笑出一声：""逗你的。方向没错，图很好。""",正经+冷幽默,定稿,回山交令,sect_tianji
adventure_event,sect_trial,通用,云州,通用,06,"云州城南门是出城的路，你领差出城，守门的兵士认得你，也没查牌子，只点了点头。
你出了门，回头看了一眼城门洞——门洞上方刻着""云州""两个字，被日头晒得发白。
这是你第几回从这里出城，你记不清了；但每一次回来，门洞都在。",正经,定稿,城南门,sect_tianji
adventure_event,sect_trial,通用,云州,通用,07,"城外药田的垄沟里，一个老农正弯腰拔草，你路过，蹲下帮他把一垄草拔完。
他直起腰问你：""先生是城里那栋楼的？""你点头，他抹了把汗：""难怪，你们认得药。""
你笑——天机阁的人认得星，也认得草；城里城外，都是学问。",正经,定稿,药田垄上,sect_tianji
adventure_event,sect_trial,通用,云州,通用,08,"城西茶山的古道通到半山腰，你陪阁里的老先生去看山——他说茶山的气脉和星象对得上。
走到半道，他忽然站住：""你听，这山在喘气。""你侧耳听了半天，只听见风声。
老先生恨铁不成钢：""风就是山的喘气。回去多读两卷书。""——你默默记下：山会喘气，读书有用。",正经+冷幽默,定稿,茶山古道,sect_tianji
adventure_event,sect_trial,通用,云州,通用,09,"云州城外的溪上有人撑筏，你搭了一程顺风筏，筏夫是个话痨，一路讲城里的新鲜事。
讲到一半他问你：""先生，你们楼里真有能掐会算的？""
你想了想：""有。但算得最准的，是收账的。""筏夫笑得筏都晃了。",正经+冷幽默,定稿,溪畔行舟,sect_tianji
adventure_event,sect_trial,通用,云州,通用,10,"城郊碑亭立着一块老碑，碑上记着云州开城的旧事，字迹被风雨磨平了大半。
你路过时，一位老先生正对着碑临帖，一笔一画，比画符还认真。
你站了一会儿，没打扰他，走了——走出很远，还在想他笔下的那一横。",正经,定稿,城郊碑亭,sect_tianji
adventure_event,sect_trial,通用,云州,通用,11,"云州每月的灯市，是城里最亮的时候——满街的灯，把天都映红半边。
你混在人群里，看灯，也看人。一个算命的拦住你：""先生，算一卦？""
你摇头：""同行。""——他看了你一眼，默默地走开了，连灯都没敢多看。",正经+冷幽默,定稿,灯市,sect_tianji
adventure_event,elder_guidance,通用,通用,通用,01,"毒无涯把三只虫盅摆在你面前：""挑一只，养三天，养死了算你输。""
你挑了中间那只最蔫的——三天后，它精神得咬了你一口。
毒无涯看着你手上的牙印，难得点了个头：""活下来的人是对的。""",玩梗灰,定稿,考校,sect_wandu
adventure_event,elder_guidance,金丹-元婴,通用,通用,02,"毒无涯传你一道毒功，说是""以毒养脉""——你练了三天，脸绿了三天。
第四天你照镜子，绿的深浅刚刚好，他看了一眼：""可以了，这就是入门色。""
你顶着这张脸出门，门里的弟子见了你，都自觉地让出三尺。",玩梗灰,定稿,传功画面,sect_wandu
adventure_event,elder_guidance,练气-筑基,通用,通用,03,"你对着药鼎发呆，怎么都配不出一炉解药，蝎娘子路过，往鼎里扔了片叶子。
鼎里的药汤""咕嘟""一声，颜色从浊变清。
你大喜，她头也不回：""解药之毒，毒药之解，一个理。想不通，就多中几次毒。""",玩梗灰,定稿,点化,sect_wandu
adventure_event,elder_guidance,练气-筑基,通用,通用,04,"蝎娘子当众演示了一回以毒攻毒，手法之快，你只看见她指间闪了三下。
演示完，桌上那只中毒的蛊虫活蹦乱跳，围观的新弟子纷纷叫好。
她扫了一圈：""都看懂了？""众人点头，她淡淡道：""看懂了就去练，练死了算我的。""",玩梗灰,定稿,演示,sect_wandu
adventure_event,elder_guidance,金丹-元婴,通用,通用,05,"下山前，毒无涯把你叫到药房，塞给你一只小陶瓶：""几粒解毒丹，省着用。""
你谢过要走，他在身后补了一句：""用完了记得回来补——门里不养不会中毒的废物。""
你攥着陶瓶下了山：这话听着像骂人，细想，是担心。",玩梗灰,定稿,赠言,sect_wandu
adventure_event,elder_guidance,通用,蛮州,通用,06,"百毒窟的夜，虫鸣比日头还响，你提着灯守在蛊房外值夜。
一只大得离谱的蜈蚣从灯影边爬过，你盯着它爬进草丛，安心地收回目光。
门里的规矩：百毒窟里，谁睡得着，谁就是老大。",玩梗灰,定稿,百毒窟,sect_wandu
adventure_event,elder_guidance,通用,蛮州,通用,07,"瘴气谷口终年飘着一层青雾，外人望而却步，门里人拿它当天然的门帘。
你出谷办事，走到谷口，正撞见一个迷路的货郎，他看见你，又如获大赦又不敢靠近。
你指了条出山的道，他谢了又谢，跑得比瘴气还快。",玩梗灰,定稿,瘴气谷口,sect_wandu
adventure_event,elder_guidance,通用,蛮州,通用,08,"百虫谷是门里放养野虫的地方，你被派去查虫口——其实就是在谷口数一数有没有虫跑出来。
你数到一半，一条胳膊粗的蛇从你脚边游过，你目送它游进草丛。
记数时你犹豫了一下，还是把它记上了：跑出去一条，改日再补一条。",玩梗灰,定稿,百虫谷,sect_wandu
adventure_event,elder_guidance,通用,蛮州,通用,09,"蛇窟里豢着门里的蛇，你喂食时，一条小白蛇缠上你的手腕，甩都甩不掉。
你举着它去找蝎娘子，她看了看：""它认你。养着吧。""
你问怎么养，她扔过来一本册子：""照着喂。喂死了算你的。""——小白蛇在你腕上，安心地打了个哈欠。",玩梗灰,定稿,蛇窟,sect_wandu
adventure_event,elder_guidance,通用,蛮州,通用,10,"药庐的老药师熬毒药像熬粥，一锅下去，满庐都是呛人的味道。
你被派去帮工，他让你看着火，交代：""火大了药废，火小了虫死。""
你看了一下午的火，出锅时他尝了尝，点头：""还行，毒不死人。""",玩梗灰,定稿,药庐,sect_wandu
adventure_event,elder_guidance,通用,蛮州,通用,11,"谷中毒泉的水色发绿，据说泡过这泉的虫，性子都烈三分。
你试了一回，把一只蔫虫放进泉里，它当场精神了，爬得比你跑得还快。
你把虫捞回来，对泉拱了拱手：""谢泉爷赏。""——泉水咕嘟了一声，像是在应你。",玩梗灰,定稿,毒泉,sect_wandu
adventure_event,sect_errand,通用,通用,通用,01,"蝎娘子把一只竹篓推到你面前：""喂蛊。喂完把账记上。""
你揭开篓盖，里面密密麻麻的蛊虫齐刷刷振了振翅，像在点菜。
你喂了一个时辰，记账时发现：篓里的虫，比你喂的还多。",玩梗灰,定稿,派差,sect_wandu
adventure_event,sect_errand,练气-筑基,通用,通用,02,"你被派去后山瘴林采毒草，来回一趟，衣角被毒虫咬出三个洞。
回来交差，蝎娘子看了看你的衣服：""虫认得路，你不认得。""
她扔给你一瓶药：""抹上，下回虫绕着你走。""——你抹完发现，虫确实绕着你走了。",玩梗灰,定稿,跑腿路上,sect_wandu
adventure_event,sect_errand,金丹-元婴,通用,通用,03,"蛊房的账目对不上，蝎娘子把两本册子推给你：""复核。""
你从日中查到日落，末了在虫卵房角落里逮住一只大蛊虫，正把登记簿往窝里拖——簿角全是牙印。
你拎着虫和簿子回去复命，蝎娘子看了看，把虫放回窝里：""它认字不全，账记得倒比你清楚。""——你决定以后复核，先锁虫卵房。",玩梗灰,定稿,复核蛊账,sect_wandu
adventure_event,sect_errand,练气-筑基,通用,通用,04,"新入门的师弟被一只大蛊虫追得满院跑，你上前一步，伸手把虫提起来。
虫在你手里蹬了蹬腿，老实了，师弟瘫坐在地：""师兄，它怎么不听我的话？""
你把虫放回蛊房：""它跟你不熟。先喂它三天，再谈感情。""",玩梗灰,定稿,替人解围,sect_wandu
adventure_event,sect_errand,金丹-元婴,通用,通用,05,"月末交差，你把蛊房账册交回蝎娘子，她翻了翻，眉梢都没动。
末了她把册子一合：""养得不错。""停顿片刻：""比上次养得仔细。""
你等了等，她没说上次怎么了——账册后传来一声哼：""虫的账，比人的清楚。""",玩梗灰,定稿,交差领赏,sect_wandu
adventure_event,sect_errand,通用,蛮州,通用,06,"毒草畦在谷东的坡地上，一畦一畦，比庄稼还齐整——万毒门的庄稼，是带刺的。
你被派去除草，除到一半发现：畦里的草比畦外的毒，你得挑着拔。
收工时你数了数手指，还好，都在。",玩梗灰,定稿,毒草畦,sect_wandu
adventure_event,sect_errand,通用,蛮州,通用,07,"虫卵房的架子上摆着一排排陶盘，盘里的虫卵圆滚滚的，像一排排小眼睛。
你被派去给虫卵翻面，翻到一半，一只卵裂了，钻出一条比你小指还细的虫。
它探出半截身子，又缩回去了——你对着陶盘小声说：""出来混，早晚要见面的。""",玩梗灰,定稿,虫卵房,sect_wandu
adventure_event,sect_errand,通用,蛮州,通用,08,"晾毒架上一排排晒着处理好的毒材，你被派去翻晒，戴着手套，动作比绣花还轻。
翻到一株赤红色的草时，你多看了两眼，指尖隔着手套都发麻。
你默默把草挪到架尾，又找了块布垫了两层——有些东西，认识就行，别走太近。",玩梗灰,定稿,晾毒架,sect_wandu
adventure_event,sect_errand,通用,蛮州,通用,09,"沤肥窖是门里最不起眼也最要命的地方——蛊虫的肥料，都是在这里沤出来的。
你被派去添料，掀开窖盖，一股陈年味道扑面而来，你不争气地退了半步。
你屏住呼吸添完料，盖上窖盖，对着窖拱了拱手：""得罪了。""",玩梗灰,定稿,沤肥窖,sect_wandu
adventure_event,sect_errand,通用,蛮州,通用,10,"煮毒釜是口比人还高的大锅，熬起毒来，整条山谷都是这股味。
你被派去看火，锅里的毒汤咕嘟咕嘟冒泡，你举着长勺搅了整整一天。
收工时你闻了闻自己的袖子，叹了口气——这味道，洗三遍也洗不掉。",玩梗灰,定稿,煮毒釜,sect_wandu
adventure_event,sect_errand,通用,蛮州,通用,11,"蛊粮仓里存着喂蛊的粮——虫卵、蜜粉、晒干的肉条，一袋一袋码得整齐。
你被派去盘仓，数到一半，听见袋子里有动静。
你解开袋子一看——几只偷吃的蛊虫被你当场抓获，它们集体装死。你看了一会儿，又把袋子系上了。",玩梗灰,定稿,蛊粮仓,sect_wandu
adventure_event,sect_duel,练气-筑基,通用,通用,01,"蛊斗场的晨课点名，轮到你了，教习师兄看了看你脸色：""绿得挺匀，练过了？""
你点头，他在簿上记下：""气色达标，通过。""
你低头看了看自己——这气色，是昨天试药试出来的。",玩梗灰,定稿,校场点名,sect_wandu
adventure_event,sect_duel,通用,通用,通用,02,"蛊斗场上，同门放出他的金线蛊，你也放出你的——两只蛊虫在空中对了一回合，各自退开。
他收蛊：""平手。""你也收蛊，点头。
转身时你俩都悄悄检查自己的虫有没有被阴到——蛊斗的规矩：虫赢了才算赢。",玩梗灰,定稿,与同门过招,sect_wandu
adventure_event,sect_duel,金丹-元婴,通用,通用,03,"连斗三场，你的蛊虫越斗越精神，对面换了两茬虫。
第三场，你放虫的时机慢了半息，虫子被对方的毒雾喷了个正着。
你把虫收回来看了看，虫朝你翘了翘须，你松了口气：""没事，它皮厚。""",玩梗灰,定稿,车轮战被围观,sect_wandu
adventure_event,sect_duel,练气-筑基,通用,通用,04,"新来的师弟抱着蛊罐发抖，你陪他练手，教他怎么看虫的脾气。
他的虫终于肯出罐了，绕着他爬了一圈，又钻了回去。
师弟急得冒汗，你安慰他：""别急，它要是不认你，早咬你了。""",玩梗灰,定稿,陪新手喂招,sect_wandu
adventure_event,sect_duel,金丹-元婴,通用,通用,05,"入夜，你在蛊房角落复盘今日的斗法，把虫放出来重新走了一遍。
蝎娘子提着灯来看：""输的那手，错在放虫早了还是晚了？""
你答""早了""，她点了点头：""记性还行——明日起，跟这只虫多睡三天。""",玩梗灰,定稿,收功复盘,sect_wandu
adventure_event,sect_duel,通用,蛮州,通用,06,"斗蛊台边的石栏杆，被历代弟子拍出了包浆，你也拍了一掌。
你的虫赢了半招，台下喝彩声稀稀拉拉——万毒门的喝彩，向来含蓄。
你拍拍虫壳：""听见没，他们说你还行。""虫背过身去，把屁股对着你，大概是在说""滚""。",玩梗灰,定稿,斗蛊台,sect_wandu
adventure_event,sect_duel,通用,蛮州,通用,07,"试毒坪是门里验毒功的地方——把解药、毒药一字排开，从头试到尾。
你试了一下午，舌头麻了半边，手指头倒是越试越灵。
收工时，教习师兄问你还剩几成感觉，你伸出三根手指——他欣慰地点头：""够用了。""",玩梗灰,定稿,试毒坪,sect_wandu
adventure_event,sect_duel,通用,蛮州,通用,08,"毒雾坪经常飘着一层薄薄的毒雾，是门里练抗性的地方。
你进去站了一炷香，出来时脸是绿的，眼睛倒是亮的。
师兄问你感觉如何，你答：""肺在骂我。""他点头：""骂习惯了就好了。""",玩梗灰,定稿,毒雾坪,sect_wandu
adventure_event,sect_duel,通用,蛮州,通用,09,"药浴池在谷后的温泉边，斗完蛊的弟子都在这里泡药浴，洗掉一身毒。
你泡到一半，一只蛊虫从池边探出头，看见你，又缩了回去。
你对着它喊：""看什么看，没见过人洗澡？""——它又探出头来，吐了个水泡，仿佛在说""没见过这么绿的""。",玩梗灰,定稿,药浴池,sect_wandu
adventure_event,sect_duel,通用,蛮州,通用,10,"虫斗栅是给新虫练胆的地方——把两只虫隔着栅栏对放，看谁先怂。
你陪你的虫练了一下午，它越斗越勇，你倒是先怂了。
你把它收回来，它不满地鼓了鼓翅，你劝它：""适可而止，赢多了容易挨咬。""",玩梗灰,定稿,虫斗栅,sect_wandu
adventure_event,sect_duel,通用,蛮州,通用,11,"百蛇壕绕着谷后的坡地挖了一圈，里面盘着各式各样的蛇，是门里的活篱笆。
你被派去巡壕，走了一圈，壕里的蛇整整齐齐探出脑袋，像在列队检阅。
你冲它们摆手：""辛苦了，今儿没带吃的。""——蛇们又齐齐趴了回去。",玩梗灰,定稿,百蛇壕,sect_wandu
adventure_event,sect_trial,练气-筑基,通用,通用,01,"毒无涯派你下山""收账""——不是收钱，是收一株欠了门里三年的毒草。
你领了差帖，揣上解毒丹和饲虫粮，天没亮就出了山谷。
回头看了一眼瘴气里的山门，你心说：这趟差，别让虫给跑了。",玩梗灰,定稿,领命下山,sect_wandu
adventure_event,sect_trial,金丹-元婴,通用,通用,02,"官道上，一个采药人捂着胳膊喊疼，你上前看了看——蛇咬的，毒不重。
你配了解药给他敷上，他千恩万谢，问你是哪家的。
你报了万毒门，他脸色僵了僵，你补一句：""放心，收你药钱的人不咬人。""",玩梗灰,定稿,途中遇凡人求助,sect_wandu
adventure_event,sect_trial,通用,通用,通用,03,"两州交界，你撞见一队正道弟子，对面看见你的腰牌，手都按上了剑柄。
你举起双手：""借道，不借命。""对面犹豫片刻，让了路。
你走过他们时感叹：万毒门的名声，比路好用。",玩梗灰,定稿,过他宗地界,sect_wandu
adventure_event,sect_trial,练气-筑基,通用,通用,04,"山脚市集，你摆摊卖解毒丸——不标价，随缘。
一位汉子买走一瓶，回头又跑来：""小哥，你这药管用！""
你心说牌子都不看就夸，嘴上答：""管用就好，下回中毒记得还来。""",玩梗灰,定稿,山脚市集采办,sect_wandu
adventure_event,sect_trial,金丹-元婴,通用,通用,05,"回门交差，你把那株欠了三年的毒草交到药房，管事的老药师接过去端详了半天。
""成色不错。""他难得夸了一句，又补：""就是晚了三年，虫都换两茬了。""
你心说：还不是你们差事派得晚。",玩梗灰,定稿,回山交令,sect_wandu
adventure_event,sect_trial,通用,蛮州,通用,06,"下山第一站，你路过一个猎户寨，寨门口晒着兽皮，飘着烤肉味。
你饿了，用一小包解毒粉换了一顿饱饭——猎户们对这买卖十分满意。
临走，寨头的老猎户送你到寨口：""下回还来，带上点治兽咬的药。""——你心说：这生意，比打猎好做。",玩梗灰,定稿,猎户寨,sect_wandu
adventure_event,sect_trial,通用,蛮州,通用,07,"蛊烟村的蛊医点着蛊烟熏屋子，说是驱虫，你闻了闻——手艺不赖，就是火候差了点。
你借他的炉子重新配了一炉，烟一换，屋里的虫果然跑了。
蛊医千恩万谢，你摆手：""同行切磋。""——他愣住：""你也是……""你点头，他脸色有点复杂。",玩梗灰,定稿,蛊烟村,sect_wandu
adventure_event,sect_trial,通用,蛮州,通用,08,"山货集是蛮州山里的老集市，山货铺子一家挨一家——药材、兽皮、虫干。
你在一个摊子前蹲下，捡起一枚虫干闻了闻：""假的，这是面捏的。""
摊主急了：""你凭什么说假的？""你捏碎了给他看——里面是面。他沉默了。",玩梗灰,定稿,山货集,sect_wandu
adventure_event,sect_trial,通用,蛮州,通用,09,"蛮州山溪的渡口，摆渡人一根竹筏，能载一筏山货，也能载一筏闲话。
你搭筏过溪，筏上的货郎问你：""小兄弟，做哪行的？""
你答""收药材的""，他来了兴致：""收什么药材？""你想了想：""收毒的那种。""——他默默往筏尾挪了挪。",玩梗灰,定稿,山溪渡口,sect_wandu
adventure_event,sect_trial,通用,蛮州,通用,10,"峡谷栈道贴着崖壁，脚下是湍急的溪流，走起来一步三晃。
你走栈道时，一群山猴从崖上扔果子砸你，你躲闪不及，挨了一下。
你抬头冲它们龇牙，它们龇牙回来——你俩隔着峡谷互相龇了半天，最后你认输走了。",玩梗灰,定稿,峡谷栈道,sect_wandu
adventure_event,sect_trial,通用,蛮州,通用,11,"山里的药农棚搭在半坡，你借宿一夜，药农老汉给你讲了一夜的药经。
讲到半夜，他忽然问：""听说你们万毒门，拿人试药？""
你摇头：""不拿人试。拿虫试，虫不行再自己试。""他听完，把被子裹紧了些。",玩梗灰,定稿,药农棚,sect_wandu
adventure_event,elder_guidance,通用,通用,通用,01,"血屠让你在演武场站了一炷香，什么也不教，就看。
一炷香尽，他开口：""扛得住我一眼的，才有资格学。""
你站得腿发麻，他咧嘴：""还行。明日起，跟着我练。""",玩梗灰,定稿,考校,sect_xuemo
adventure_event,elder_guidance,金丹-元婴,通用,通用,02,"血屠传你燃血之法，你运功催动气血，浑身像着了火，骨节劈啪作响。
他站在旁边看：""对，就是这个响。响得越脆，烧得越旺。""
你收功时累得直喘，他扔过来一壶烈酒：""补补。别喝多了，明早还要练。""",玩梗灰,定稿,传功画面,sect_xuemo
adventure_event,elder_guidance,练气-筑基,通用,通用,03,"你练血炼之法卡了壳，气血淤在肩头，疼得半夜睡不着。
孔无常路过看你一眼：""淤了？""你点头，他递来一柄铁尺：""自己敲，敲开了就好了。""
你敲了一夜，天亮时肩头的淤果然散了——疼归疼，法子管用。",玩梗灰,定稿,点化,sect_xuemo
adventure_event,elder_guidance,练气-筑基,通用,通用,04,"血屠在血池边示范了一套拳，拳拳带风，血气在他周身翻涌如旗。
他收势，血池里的水还在一圈圈荡：""看明白了吗？""
你点头，他咧嘴：""看明白和练明白，隔着一条命。""",玩梗灰,定稿,演示,sect_xuemo
adventure_event,elder_guidance,金丹-元婴,通用,通用,05,"下山前，血屠把你叫到血池边，劈手扔给你一柄短刀：""拿着。刀比话有用。""
你接住刀，他转身：""活着回来。死了，我记你一笔。""
你攥着刀下山——这大概是全天下最像遗言又最像叮嘱的话。",玩梗灰,定稿,赠言,sect_xuemo
adventure_event,elder_guidance,通用,沧州,通用,06,"断指峰是山门后的最高峰，传说血神的断指落在这里，化成了这座山。
你被派去峰顶瞭望，风大得把衣摆吹成旗。
你站了一个时辰，看着山下的血色峡谷，忽然理解了宗门为什么把山门安在这里——站得高，才看得清谁在找死。",玩梗灰,定稿,断指峰,sect_xuemo
adventure_event,elder_guidance,通用,沧州,通用,07,"血窟是血气最旺的地方，弟子们在这里炼功，一进去就是一身汗。
你在窟里坐了一炷香，气血翻得比江还急，出来时腿都是软的。
师兄递给你一碗血酿：""补补。头一回都这样。""你灌了一口，眼前发黑——过了半晌，又缓过来了。",玩梗灰,定稿,血窟,sect_xuemo
adventure_event,elder_guidance,通用,沧州,通用,08,"血祭坛在血池殿后的空地上，逢祭日，弟子们在这里举刀立誓。
你头一回参加，跟着众人举刀，喊了三声""以血立誓""。
散场时旁边的师兄拍拍你：""喊得不错。就是记着，立了誓的，刀要自己擦亮。""",玩梗灰,定稿,血祭坛,sect_xuemo
adventure_event,elder_guidance,通用,沧州,通用,09,"后山的血枫林一到秋天，满山红得滴血——宗门弟子都说，这是山在提醒我们别忘本。
你被派去林里巡夜，踩着落叶走，脚下沙沙响。
走到林深处，你看见一株老枫树根下压着一把旧刀，刀身锈了大半——你蹲下看了看，没动它。",玩梗灰,定稿,血枫林,sect_xuemo
adventure_event,elder_guidance,通用,沧州,通用,10,"刀冢埋着历代弟子用旧的刀，一把把插在土里，像是长出来的铁树。
你路过时，看见自己师兄的那把旧刀也插上了——他换了新刀，旧刀入冢。
你站了一会儿，把自己的刀拔出来看了看，又插回去：刀还在，路还长。",玩梗灰,定稿,刀冢,sect_xuemo
adventure_event,elder_guidance,通用,沧州,通用,11,"血池殿的大梁上悬着历代宗主的刀，一把比一把旧，没有一把是钝的。
你被派去擦拭，擦到最老那把时，刀身嗡了一声——你手一抖，差点没接住。
你对着刀拱了拱手：""晚辈冒犯。""刀安静了，像是默认了。",玩梗灰,定稿,血池殿,sect_xuemo
adventure_event,sect_errand,通用,通用,通用,01,"孔无常翻开他的无常簿，毛笔点了点你的名字：""后山煞气窟，取三缕煞气回来。""
你领了牌子要走，他头也不抬：""取不够数，簿上记你一笔。""
你心说：这簿子大概比门规还吓人。",玩梗灰,定稿,派差,sect_xuemo
adventure_event,sect_errand,练气-筑基,通用,通用,02,"你被派去山脚下的镇子采购——酒、肉、粗盐，还有一包新磨的刀油。
铺子的老板看见你的牌子，手脚麻利地打包，还多塞了两块肉。
你拎着东西回山，心说：这待遇，全靠名声。",玩梗灰,定稿,跑腿路上,sect_xuemo
adventure_event,sect_errand,金丹-元婴,通用,通用,03,"血库的账目对不上，孔无常把两本簿子推到你面前：""复核。""
你查到深夜，把入库册与出库册逐条对过，末了发现是月初入库时记重了一笔——账本没错，是记数的人错了。
孔无常接过看了一眼，提笔把多出的那笔划掉，在旁批了个""蠢""字：""错账下回再犯，罚你看一个月库房。""",玩梗灰,定稿,复核血库,sect_xuemo
adventure_event,sect_errand,练气-筑基,通用,通用,04,"新入门的师弟被旧人欺压，在演武场门口涨红了脸。
你上前两步，把师弟挡在身后：""他的事，我接了。""
对方看了看你腰间的牌子，改口说""误会""——血魔宗的规矩，打了再说。",玩梗灰,定稿,替人解围,sect_xuemo
adventure_event,sect_errand,金丹-元婴,通用,通用,05,"你回血池交差，孔无常把煞气验过，在簿子上勾了一笔。
他抬眼看了看你：""没偷懒。""停顿片刻：""比上次那个强。""
你问上次那个怎么了——他翻了一页簿子：""死了。""",玩梗灰,定稿,交差领赏,sect_xuemo
adventure_event,sect_errand,通用,沧州,通用,06,"无常簿房是孔无常的案房，四壁架子上摆满了簿子，一本本按年份排好。
你被派去誊抄名册，抄到一半，发现自己的名字下被添了一行小字：""去年欠练，今年补上。""
你默默把册子放回原处，决定从明天起，练功早半个时辰。",玩梗灰,定稿,无常簿房,sect_xuemo
adventure_event,sect_errand,通用,沧州,通用,07,"兵器库的门比城墙还厚，你被派去盘库，一架子一架子的刀剑数过去。
角落里搁着一根断了的刀柄，你拿起来看了看，管库的师兄说：""那是老宗主的刀，断在断指峰上。""
你小心地放回去——连刀柄都供着的地方，断刀也是香火。",玩梗灰,定稿,兵器库,sect_xuemo
adventure_event,sect_errand,通用,沧州,通用,08,"山下的镇子送上来几坛酒，你被派去搬进酒窖，窖里已经存了满满一墙。
你搬完最后一坛，看着满墙的酒坛子，忽然明白了宗门的战略储备。
你顺手在最近的一坛上拍了一掌：""这坛，等庆祝的时候开。""——后来你发现，每个弟子都拍过这一掌。",玩梗灰,定稿,酒窖,sect_xuemo
adventure_event,sect_errand,通用,沧州,通用,09,"锈铁堆场堆着从古战场上收来的残甲断戟，是宗门炼器的原料。
你被派去分拣——能用的挑出来，锈透的扔回堆里。
分拣到一半，你在一片残甲上认出半枚旧徽记，是战死的无名散修的。
你把它单独放在一边，没有扔进炉子。",玩梗灰,定稿,锈铁堆场,sect_xuemo
adventure_event,sect_errand,通用,沧州,通用,10,"山门值哨是最没意思的差事——往门口一杵，吓唬路过的散修。
你站了一天，路过的散修绕了三个弯，没有一个人敢靠近。
收哨时，管事的师兄夸你：""站得够凶。""你活动了一下僵硬的脖子：""主要是饿的。""",玩梗灰,定稿,山门值哨,sect_xuemo
adventure_event,sect_errand,通用,沧州,通用,11,"火灶是宗门吃饭的地方，大锅大灶，做出来的饭管饱不管好。
你被派去帮厨，剁了一下午的肉，手酸得提不起刀。
掌勺的师父尝了你的手艺，沉默半晌，把汤勺递给你：""明天还来帮厨。""",玩梗灰,定稿,火灶,sect_xuemo
adventure_event,sect_duel,练气-筑基,通用,通用,01,"演武场的晨课点名，轮到你时，教习的师兄顿了顿：""昨天的伤，好了？""
你拍了拍胸口：""好了。""他点头，在簿上记下：""好了就上擂台。""
晨光里你活动筋骨：血魔宗的规矩，伤好了就该挨打。",玩梗灰,定稿,校场点名,sect_xuemo
adventure_event,sect_duel,通用,通用,通用,02,"演武场上，同门朝你抱拳，你也回礼——他的刀还没出鞘，杀气先到了。
你抢先手连劈七刀，他一刀一刀接住，最后一刀用刀背磕开你的刀，你整条手臂麻到指尖。
他收刀入鞘：""刀快了，心还飘。""——他把刀穗塞回你手里，""稳一稳，下回我不让。""",玩梗灰,定稿,与同门过招,sect_xuemo
adventure_event,sect_duel,金丹-元婴,通用,通用,03,"连赢三场，演武场边挤满了人——第四场，你对面站了两个。
你以一敌二，刀势走到一半突然翻转，用刀背拍开两人的兵刃，顺势点了他们的腕子。
场边静了一瞬，血屠的声音从楼上传来：""还凑合。上来领赏。""",玩梗灰,定稿,车轮战被围观,sect_xuemo
adventure_event,sect_duel,练气-筑基,通用,通用,04,"新入门的师弟握刀的手都在抖，你陪他喂了半个时辰的招。
他一刀劈来，你侧身让过，顺势把他腕子往下一压——刀锋擦着地皮扫过去，他整个人跟着栽了半步。
他再出刀，果然顺了——然后一激动，把刀甩了出去，扎在木桩上。",玩梗灰,定稿,陪新手喂招,sect_xuemo
adventure_event,sect_duel,金丹-元婴,通用,通用,05,"入夜，你在演武场角落复盘今日的对拆，一板一眼重走刀路。
巡夜的灯笼晃了两下，孔无常的声音从窗外传来——隔着一道窗，他看了多久，你不知道。
""明早，演武场。""他没有回头，""刀慢了，就多喂一个月。""——你攥紧刀柄：这句话没挑错，却比挑错更让人不敢忘。",玩梗灰,定稿,收功复盘,sect_xuemo
adventure_event,sect_duel,通用,沧州,通用,06,"生死台是宗门比武的地方，台面是整块青石，百年下来，被踩得发亮。
你上台比了一场，赢了半招，下台时腿肚子还在抖。
旁边的师兄递给你一碗水：""头一回上台都这样。多上几回，就抖习惯了。""——你喝了一口，决定下回还来。",玩梗灰,定稿,生死台,sect_xuemo
adventure_event,sect_duel,通用,沧州,通用,07,"石锁场摆着一排石锁，从小到大，最大的那个比人还高。
你举了一下午，从最小的举到中号的，气喘如牛。
一个师兄走过来，单手提起最大的那个，举了三次，放下，走了。
你对他的背影看了很久，默默走回最小的石锁前。",玩梗灰,定稿,石锁场,sect_xuemo
adventure_event,sect_duel,通用,沧州,通用,08,"旗台上的宗门旗经年不落，旗面被风撕成条，还固执地飘着。
你被派去换旗，爬上旗杆时，风大得你整个人横着飘。
你咬牙把新旗系好，下来时，守旗的老执事冲你竖了竖拇指：""敢爬旗杆的，都是狠人。""",玩梗灰,定稿,旗台,sect_xuemo
adventure_event,sect_duel,通用,沧州,通用,09,"山腰的火塘是弟子们歇脚的地方，冬天围一圈，烤肉喝酒吹牛。
你挤进人堆里，听师兄们吹自己当年砍过多少妖兽。
轮到你时你说：""我今天砍了三根木桩。""众人沉默片刻，哄堂大笑——你也跟着笑，不丢人。",玩梗灰,定稿,火塘,sect_xuemo
adventure_event,sect_duel,通用,沧州,通用,10,"烽台的烽火百年没点过，是宗门最清闲的岗哨。
你被派去守了三天，闲得发慌，下山时对接班的师兄说：""要是哪天烽火点了，别急着跑——先看看是不是我烤糊了干粮。""
他愣了半天，认真点了点头。",玩梗灰,定稿,烽台,sect_xuemo
adventure_event,sect_duel,通用,沧州,通用,11,"残甲阵是用古战场的残甲断戟摆成的阵，是宗门弟子试刀的地方。
你进阵走了一趟，出来时衣角被割了三道口子。
你对着阵口骂了一句：""算你们狠。""阵里的锈铁在风里晃了晃，像是在应战。",玩梗灰,定稿,残甲阵,sect_xuemo
adventure_event,sect_trial,练气-筑基,通用,通用,01,"血屠派你下山""立威""——去沧州边境转一圈，让附近的散修知道血魔宗还活着。
你领了差令，挎上刀，天没亮就出了山门。
回头看了一眼血色的山门，你心说：这差事，比杀人难——得让人怕，还不能真动手。",玩梗灰,定稿,领命下山,sect_xuemo
adventure_event,sect_trial,金丹-元婴,通用,通用,02,"官道上，一个商队被山贼围住，你路过，站在道边看了片刻。
山贼头子朝你喊：""看什么看！""你拔出刀：""看你们倒霉。""
半炷香后，山贼跑了，商队千恩万谢——你摆手：""别谢，路是我要走的。""",玩梗灰,定稿,途中遇强敌,sect_xuemo
adventure_event,sect_trial,通用,通用,通用,03,"两州交界，你撞见一队正道弟子，对方看见你的腰牌，手按上剑柄。
你举了举刀示意路过：""不打。""对方互相看了看，让了路。
走过时你听见身后有人小声嘀咕——你懒得理，路要紧。",玩梗灰,定稿,过他宗地界,sect_xuemo
adventure_event,sect_trial,练气-筑基,通用,通用,04,"山脚市集，你买酒，摊主多看了你两眼，把最好的那坛推给你。
你接过酒坛，他追出来：""客官，你那个……牌子，是真的？""
你低头看了看腰牌：""真的。怎么了？""他搓着手：""下回来，给你留好酒。""",玩梗灰,定稿,山脚市集采办,sect_xuemo
adventure_event,sect_trial,金丹-元婴,通用,通用,05,"回山交令，血屠听你讲完这趟，难得地笑了：""行，没给宗门丢人。""
他指了指血池边的一坛酒：""赏你的。""你抱起坛子，他又补一句：""喝完报个数。""
你心说：这赏赐，还要记账。",玩梗灰,定稿,回山交令,sect_xuemo
adventure_event,sect_trial,通用,沧州,通用,06,"血色峡谷的谷口，是宗门下山的第一道门——风从谷里灌出来，带着铁锈味。
你出谷时，守谷的弟子问你：""多久回？""
你想了想：""办完事就回。要是没回，别找我。""——他说：""放心，不找。""",玩梗灰,定稿,峡谷口,sect_xuemo
adventure_event,sect_trial,通用,沧州,通用,07,"断戟坡上插满了断裂的兵刃，是古战场的边角，也是宗门弟子捡遗物的地方。
你路过时，捡到半截还算完整的戟头，掂了掂，放回原处。
旁边捡废铁的汉子问你怎么不要，你说：""我刀够用。留给有缘人。""",玩梗灰,定稿,断戟坡,sect_xuemo
adventure_event,sect_trial,通用,沧州,通用,08,"锈溪的水带着铁锈色，溪底的石头都是红的，像血浸过。
你在溪边洗刀，洗出来的水比溪水还红——你对着刀看了看，默默收起来。
这把刀跟你这些年，见血的日子比见水的多。",玩梗灰,定稿,锈溪,sect_xuemo
adventure_event,sect_trial,通用,沧州,通用,09,"边镇酒棚是宗门弟子下山爱歇脚的地方——老板娘见多识广，什么人都敢招呼。
你坐下要了碗酒，她打量你：""血魔宗的？""你点头，她给你多舀了半勺。
你问为什么，她说：""你们的人，喝酒痛快，给钱也痛快。""",玩梗灰,定稿,边镇酒棚,sect_xuemo
adventure_event,sect_trial,通用,沧州,通用,10,"沧州渡口的船家见你挎着刀，多看了两眼，还是照常收钱过河。
船到江心，他忍不住问：""客官，是不是血魔宗的？""
你答：""沧州人。""他点点头，没再问——沧州的渡口，见过太多的刀，也见过太多不想说的人。",玩梗灰,定稿,沧州渡口,sect_xuemo
adventure_event,sect_trial,通用,沧州,通用,11,"风沙古道是老商路，两边是秃山，风一吹，黄沙铺天盖地。
你赶路时遇上沙暴，躲进半塌的驿站，里面已经蹲着两个行商。
他们看见你的刀，往墙角缩了缩；你摸出干粮，掰了一半扔给他们。
天亮沙停，他们千恩万谢地走了——你发现墙角多了半袋干粮，是还你的。",玩梗灰,定稿,风沙古道,sect_xuemo
breakthrough,success,练气,通用,灵修,01,鸡鸣三遍，你在草庐里盘膝坐定。山野的第一缕灵气顺着吐纳钻入经脉，像春水漫过干涸的沟渠——灵台初开的那一瞬，你听见了自己心跳的声音。,正经,定稿,灵台初开,
breakthrough,success,练气,通用,灵修,02,经脉一节一节亮起来，从指尖到眉心，如星火连成一线。凡人身骨里原来住着这么长的路，你沿着它走到尽头，看见一个从前的自己，正笑着向你点头。,正经,定稿,通脉见真我,
breakthrough,success,练气,通用,灵修,03,在田埂上突破的，露水打湿半截裤腿。引气入体那一刻，方圆一里的虫鸣都静了，又齐刷刷响起来——像是草木虫豸都在替你高兴。你站起身，第一次觉得这山野认得你了。,正经,定稿,晨露沾衣,
breakthrough,success,练气,通用,体修,04,打了一辈子铁的手按在胸口，能摸到那一团热气——气血初凝，像炉膛里新起的火。你试着挥拳，拳风卷起地上的落叶，又轻飘飘落下。到底不一样了，你心想，这身力气有了根。,正经,定稿,气血初凝,
breakthrough,success,练气,通用,体修,05,山风过体，皮膜微微收紧又松开，像一张活的弓。你站在风口上不躲不避，让风一寸寸地试你的筋骨——它试完了，服了，绕着你走。,正经,定稿,皮膜纳风,
breakthrough,success,练气,通用,体修,06,日日挑水劈柴的身骨，今日入了道。气血自足底升起，过腰、过脊、过肩，最后在双掌之间打个结。你放下扁担，一担水挑起来，轻得像挑着一担月亮。,正经,定稿,田间身骨,
breakthrough,success,筑基,通用,灵修,07,丹田里第一滴灵液落下，如春水破冰。河开的那一刻，整条灵脉都活了，汩汩地往丹田里汇。你守着这一泓春水，知道根基落成了——往后的路，是奔流，不再是漫流。,正经,定稿,春水破冰,
breakthrough,success,筑基,通用,灵修,08,灵气在丹田凝成一方基台，白石砌的，不花俏，稳当。你盘坐其上，像农夫坐进自己的田里——地是自家的了，种什么，秋天见分晓。,正经,定稿,灵台筑基,
breakthrough,success,筑基,通用,灵修,09,筑基成时，丹田里点起一盏灯火。此后夜行千里，这盏灯都在——风萧萧的荒原上，你不再怕黑，只怕灯被风吹灭。于是你走得更稳了。,正经,定稿,灯火初上,
breakthrough,success,筑基,通用,体修,10,气血翻涌如熔浆走脉，冲开淤堵的筋络，一节骨头一节骨头地灌过去。你听见自己身上有开闸的声响，旧伤、暗疾、积年的疲乏，全被这股热气冲走了。你站定了，浑身是新的。,正经,定稿,气血灌体,
breakthrough,success,筑基,通用,体修,11,筑基之后，骨头是竹子——韧，不脆。你拿拳头试路边的老槐，一拳一个窝，树皮崩起，你的骨节连疼都没喊一声，反而舒展开了，像新竹拔节。,正经,定稿,骨如新竹,
breakthrough,success,筑基,通用,体修,12,打铁的都知道，好钢是捶出来的。你把自己当一块钢，气血为锤，筋骨为砧，一锤一锤地淬——待筑基功成，你站在炉边喘匀了气，想着下回该淬哪一处。,正经,定稿,淬体如锻,
breakthrough,success,金丹,通用,灵修,13,灵脉如潮水涌回丹田，你守住本心一线清明——金丹凝成，沉甸甸落在心口，像一世凡尘终于有了着落。,正经,定稿,金丹凝成,
breakthrough,success,金丹,通用,灵修,14,金丹一成，丹田深处燃起一点真火，不旺，但再也不会灭。你伸手去接雨，雨丝落在掌心，不等你叹一句凉，丹火沿着经脉暖上来——凡躯里藏着一炉火，这一生，不再空转。,正经,定稿,丹火初燃,
breakthrough,success,金丹,通用,灵修,15,结丹那夜，你在山顶坐到天明。日出时，山下的炊烟一柱一柱地升起来——你忽然明白自己为何修道了。金丹在丹田里转了一圈，安安静静，像给这个问题盖了个章。,正经,定稿,凡尘有着落,
breakthrough,success,金丹,通用,体修,16,气血如大河改道，冲刷四肢百骸——皮膜鼓荡、筋骨齐鸣，金丹凝成。你站在原地，像一座刚长出来的山。,正经,定稿,气血凝丹,
breakthrough,success,金丹,通用,体修,17,脏腑成了炉，气血是柴，金丹坐在炉心里烧。你的呼吸从此有了重量，一吸一呼，屋里的烛火跟着一起一伏——你坐在炉前，烤的是自己这条命。,正经,定稿,腑脏如炉,
breakthrough,success,金丹,通用,体修,18,结丹之后，你搬山石不用术法，只用手臂。同门说你力气大得离谱，你想了想，没告诉他们——身体里那座山已经成型了，日后风霜雨雪，都落在它身上。,正经,定稿,山岳成型,
breakthrough,success,元婴,通用,灵修,19,元婴破体而出，先是一寸，再是一尺，最后悬于头顶三尺，与你面对面。你看见自己，它也看见你——两双眼睛相认的那一刻，天边的云都慢了半拍。,正经,定稿,元神出窍,
breakthrough,success,元婴,通用,灵修,20,识海里响起一声婴啼，清亮，像新生命落地。元婴初成，坐在你神识的正中央，眨着眼打量这个人间。你护着它，像护着一盏刚点的灯——这灯如今，可以照亮一方天地了。,正经,定稿,识海婴啼,
breakthrough,success,元婴,通用,灵修,21,元婴有成，你登临云海之上，看脚下山河如棋盘，人家如棋子。这方圆几千里，元婴老怪屈指可数——你在云端站了很久，忽然想下去挑两桶水，像当年那样。,正经,定稿,云海望舟,
breakthrough,success,元婴,通用,体修,22,丹破婴出，气血烘炉里坐起一个婴胎，通体赤金，与你同呼同吸。你试着抡臂，山风被扯得猎猎作响——肉身自成一方天地，从今往后，山河驮得起。,正经,定稿,丹破婴出,
breakthrough,success,元婴,通用,体修,23,婴胎不是修的，是血肉里长出来的——你每一滴血、每一寸筋骨都认识它。它坐在你心口，你站着，它就站着；你入定，它便替你守炉。,正经,定稿,血肉成婴,
breakthrough,success,元婴,通用,体修,24,"元婴既成，肉身便是一座炉。天地灵气来了，进炉；拳脚打出去了，带火。你站在宗门演武场中央，四下无人敢近三尺——不是怕你，是怕那炉子。
---",正经,定稿,身作烘炉,
breakthrough,death,练气,通用,灵修,01,第一缕灵气冲岔了道，像野马挣断了缰绳，在经脉里横冲直撞。你听见自己骨头缝里传来细碎的声响——走火入魔，身死道消。最后一口气息散尽时，你只来得及想：屋后那畦菜，该收了。,正经,定稿,灵气逆冲,
breakthrough,death,练气,通用,灵修,02,灵气逆涌大半，你昏死在山道上，滚进一条山涧。醒来时，一个采药人正拿草汁往你嘴里灌——药是苦的，命是拣回来的。你躺在草棚里，看着天色一点点亮，忽然觉得：走岔的路，也还活着有人救。,正经,定稿,山涧得救,
breakthrough,death,练气,通用,体修,03,强行淬体，气血反噬，像炉膛里塞了太多柴——轰的一声，皮膜寸寸绽裂。你倒在演武场的沙土里，血从指缝往外渗。身死道消，你最后认出的，是头顶那轮看了十几年的月亮。,正经,定稿,气血反噬,
breakthrough,death,练气,通用,体修,04,气血崩到七成，你跌进一座破庙。庙里半尊泥佛歪着身子，你靠着佛脚喘气，血竟渐渐止了——大概是佛看你太狼狈，替你挡了一劫。你摸着完好的一双手臂，对着泥佛磕了个头。,正经,定稿,破庙佛前,
breakthrough,death,筑基,通用,灵修,05,筑基台上裂纹横生，你越是想压，碎得越快——丹台倾覆，灵气四溃，如堤坝崩于一夜暴雨。身死道消的那一刻，你听见丹田里那盏没点亮的灯火，噗地灭了。,正经,定稿,丹台倾覆,
breakthrough,death,筑基,通用,灵修,06,灵气窜出体外那瞬，守在你身后的师兄一掌按在你后心，硬生生把逆脉压回三分。他自己喷出一口血，溅在你衣襟上——你活了，他替你疼了三个月。你问他图什么，他笑：怕你娘来宗门寻人。,正经,定稿,同门护法,
breakthrough,death,筑基,通用,体修,07,筑基的最后一锤砸偏了，气血灌进右臂，筋骨寸断，像枯木折在风里。你听见那声脆响，知道这具身子到头了——身死道消，你躺在地上，看见自己的骨头茬子扎破了皮。,正经,定稿,骨碎筋折,
breakthrough,death,筑基,通用,体修,08,气血将溃未溃，路过的老教头一巴掌拍在你肩上。那一掌不重，却把逆行的血气生生拍回了正轨——你跪在地上喘气，老教头背着手走了，丢下一句：急什么，石头还有磨圆的一天。,正经,定稿,老教头一巴掌,
breakthrough,death,金丹,通用,灵修,09,丹火逆行的那一刻，你看见了满天星辰。走火入魔，身死道消——尘土归于尘土，唯道心不灭。丹田里那粒金丹随你碎去，碎得很轻，像一粒盐落进水里。,正经,定稿,丹火逆行,
breakthrough,death,金丹,通用,灵修,10,丹火将倾，腕上那枚随身的玉镯先裂了——脆生生的响，替你挡下逆行的大半火势。你保住一条命，玉镯碎成齑粉，风一吹就没了。你攥着空空的腕子，在山上坐了一宿，天亮时下山，买了壶酒，浇在镯子碎的地方。,正经,定稿,残破玉镯,
breakthrough,death,金丹,通用,体修,11,气血烘炉烧过了头，炉壁寸寸开裂，你护不住、压不平——轰然炸响，肉身崩解。身死道消，你最后的感觉是暖的，像铁匠收炉时那股子热浪，铺天盖地，又归于寂静。,正经,定稿,烘炉炸裂,
breakthrough,death,金丹,通用,体修,12,护心镜替你接了那一记炸响——镜裂成三瓣，你被气浪掀出三里地，摔进河滩。你在水里呛醒过来，第一件事是摸心口：还在跳。你把三瓣镜子收进怀里，想着明日去趟铁匠铺。,正经,定稿,心口一劫,
breakthrough,death,元婴,通用,灵修,13,元婴出窍悟道，遇上千年不遇的阴煞——元婴溃散如烟，魂灯摇曳将熄。身死道消，你的最后一眼是识海里那盏灯，灯芯将尽未尽，像是在等谁来续。,正经,定稿,元婴溃散,
breakthrough,death,元婴,通用,灵修,14,元婴被阴煞冲散九成，最后一丝残魂遁入山中一株古木。你在树心里温养了不知多少日夜，听着树根吸水、树冠接露——醒转时，满身苔痕。你拍了拍树干，像拍一位老友：欠你的，来日还。,正经,定稿,一缕残魂,
breakthrough,death,元婴,通用,体修,15,气血婴胎与天劫相撞，血崩于鼎——任你皮膜如铁、筋骨如钢，也撑不住天上那道雷。肉身崩解，你的最后一口气，吹动了山崖上的经幡。,正经,定稿,婴胎血崩,
breakthrough,death,元婴,通用,体修,16,"婴胎将崩，一头自海崖下浮起的老龟驮住了你残破的身子，慢慢游回浅滩。你在龟背上醒来的那天，潮水正退——你抬头看着天边那缕雷光散去，知道这一劫，有人替你扛了一半。老龟沉回海里，你对着海面作了个揖。
---",正经,定稿,老龟驮骨,
breakthrough,survive,通用,通用,通用,01,经脉灼痛如火，识海翻涌如沸——你一只手死死按在丹田上，另一只手抓进土里。撑住，撑住，撑过这一口气……不知过了多久，痛潮退去，你瘫在地上，听见自己粗重的喘息，像捡回了一条命，还热乎着。,正经,定稿,血线之上,
breakthrough,survive,通用,通用,通用,02,气血将溃未溃，一线之间。你不躲了，索性闭眼，把最后那点力气压成薄薄一层，兜住将散的根基——像补船的人，拿命去堵那个洞。等风浪过去，船没沉，你趴在甲板上，觉得这条船还能再走很远。,正经,定稿,将溃未溃,
breakthrough,revive,通用,通用,通用,01,回生丹入腹，借丹力重聚魂魄——前尘散尽：你睁开眼，记得自己死过一回，却怎么也想不起那会儿怎么死的，只记得死前最后一点念头是……有点饿。守着你的人把一碗粥递过来：先吃饭，账以后再算。你接了碗，觉得这话很有道理。,正经+冷幽默,定稿,前尘散尽,
breakthrough,revive,通用,通用,通用,02,魂魄重聚，如丹炉回魂。你在床上醒来的第一件事是找鞋——总不能光着脚复活。师兄把鞋踢到你脚边：行，活蹦乱跳的，还能突破。你穿上鞋，脚趾动了动，忽然觉得这双旧鞋，比天下法宝都踏实。,正经+冷幽默,定稿,丹炉回魂,
breakthrough,revive,通用,通用,通用,03,复生之后，你躺了三天，问的第一句话是——那我突破，还算数吗？守着的师父愣了半天，笑出声：算，怎么不算，命都是捡回来的，天大的事都算。你闭上眼，觉得丹田里那口气，比死前稳了三分。,正经+冷幽默,定稿,道心愈坚,
breakthrough,pity_hint,通用,通用,通用,01,连败数回，老修士也不劝你，只在茶棚里给你续了碗茶：急什么，修行路长着呢——你家隔壁那条狗，套了三年车，如今也拉得动石磨了。你低头喝茶，觉得他骂得对，又觉得他夸得很怪。,正经+冷幽默,定稿,急什么,
breakthrough,pity_hint,通用,通用,通用,02,突破又没成，你垂头丧气地回屋。师父不闻不问，只把一壶热茶推到你面前：败着败着就熟了，熟了就能下锅了。你捧着茶，品了半天这句话，不知道他是在安慰你，还是在说他自己那锅老汤。,正经+冷幽默,定稿,一壶热茶,
breakthrough,lose_streak_reward,通用,通用,通用,01,闭关处的墙角，你踢到一枚石子——不是普通石子，是温养石，摸着暖融融的，不知是哪位前辈随手落的。你揣进怀里，心想：败了这么多回，总该捡点什么。这石头后来一直跟着你，比许多法宝都贴心。,正经+冷幽默,定稿,墙角温养石,
breakthrough,lose_streak_reward,通用,通用,通用,02,"下山散心，师门塞给你一道平安符：不突破，也得平安。你捏着那枚歪歪扭扭缝的符，鼻子有点酸——符上绣的是一只胖乎乎的乌龟。你把它挂在腰间，觉得这句话，比突破口诀入耳。
---",正经+冷幽默,定稿,师门平安符,
breakthrough,comprehend_success,通用,通用,通用,01,你在铜镜前坐下，想看清自己的道。镜中人先是少年，再是中年，忽然白了头——你不躲不闪，看着它。等镜中人重新年轻起来，你忽然笑了：原来我早就是那个人了。那一刻，眉心一点灵光落下，悟了。,正经,定稿,镜中观己,
breakthrough,comprehend_success,通用,通用,通用,02,溪边一块卵石，你蹲着看了它一炷香。千万年的水流把它磨圆了，圆而不滑，稳坐溪底。你伸手捞起它，又放下——道也没别的，顺水而行，不失本心。你起身时，满溪的水声都像是应了你一声。,正经,定稿,溪石磨圆,
breakthrough,comprehend_fail,通用,通用,通用,01,枫叶将红未红，你盯着那一点过渡的颜色，觉得自己快抓住什么了——差一线，就差一线。那点灵光从指尖滑过去，你伸手去捞，捞了个空。但你站在枫树下，觉得指尖已经沾到它的凉意了。来日方长。,正经,定稿,差一线,
breakthrough,comprehend_fail,通用,通用,通用,02,风过竹林，满山都是声响，你闭眼听了半天，想抓住那阵风里的道理——抓不住。你睁开眼，竹叶还在晃，道理还在风里。你笑了笑，把这片竹林记在心底：没悟成，至少记住它长什么样。,正经,定稿,风过竹林,
breakthrough,comprehend_universal,通用,通用,通用,01,你封了修为，下山做了三年木匠。砍料、划线、凿眼、打磨，一根木头在你手里变成凳子、变成牛车上的轴——大道无情，人有情。第三年开春，你雕了一只燕子放在檐下，夜里无风，它却扇了扇翅膀。你站在檐下，满身木屑，悟了。,正经,定稿,化凡入世,
breakthrough,comprehend_universal,通用,通用,通用,02,"枯了十年的老树，今春又发了芽。你摸着那截干裂的树皮，触到底下一点温润的生机——死过的东西，还记得怎么活。你坐在树下，从日出坐到日落，起身时，树芽又长高了一寸，你心里也有一寸东西，拱出了土。
---",正经,定稿,枯木逢春,
fortune,weapon_drop,通用,通用,通用,01,废墟的石缝里，你摸出一柄锈剑。拭去锈迹，剑身嗡鸣一声，又归于沉寂——像一位老卒认出了久别的故人，叹了口气，继续睡。你把它背在身后，锈剑不沉，压在心上的，是它的来历。,正经,定稿,锈剑嗡鸣,
fortune,weapon_drop,通用,通用,通用,02,破庙香案下压着一杆断枪，枪头断口处有旧血，枪杆却还硬朗——你把枪抽出来，枪身一颤，断口处的锈竟簌簌落了，露出一点寒光。你对着庙门外的风挥了挥，觉得这杆枪，还想上阵。,正经,定稿,破庙断枪,
fortune,weapon_drop,通用,通用,通用,03,涨水冲出一只石匣，你捞起来，匣里一柄短刃，切口如新。刃柄上刻着四个字：勿借勿当。你掂了掂，觉得它像某位前辈的传家宝——后来你才知道，那前辈的传家宝丢了三十年，寻人启事还贴在渡口。你犹豫了半炷香，决定先留着，等遇上失主再说。,玩梗灰,定稿,河底石匣,
fortune,heart_method_drop,通用,通用,通用,01,山洞壁上刻着一幅吐纳图，画的是云海日出。你按图吐纳，呼吸竟与洞外的潮汐同频——一呼，海退；一吸，潮涨。出洞时你引了一夜气，比闭关三个月还实在。,正经,定稿,山洞壁画,
fortune,heart_method_drop,通用,通用,通用,02,旧宅夹层里翻出一捆竹简，字迹被水洇了大半，只剩三四句口诀。你连蒙带猜地读，越读越心惊——这几句残话，句句都在你卡了半年的关窍上。你把竹简收进怀里，决定来日去旧宅主人坟前烧炷香。,正经,定稿,竹简残卷,
fortune,heart_method_drop,通用,通用,通用,03,荒野古碑，碑文残缺，你拓下半截带回去。夜里对着油灯细读，读着读着，气血竟奔涌起来——你赶紧收摄心神，再看那拓片，字还是那些字，却像是活过来了。你把它压在枕下，打算明日去碑前坐坐。,正经,定稿,碑文拓片,
fortune,pill_drop,通用,通用,通用,01,废弃的丹房里，炉灰深处还埋着一粒滚圆丹药，尚有余温。你把它托在掌心，想了想，没有急着服——来路不明的丹，来路不明的机缘。你把它收进玉瓶，想着等哪天请个识丹的老前辈，掌掌眼。,正经,定稿,丹炉灰烬,
fortune,pill_drop,通用,通用,通用,02,"山道旁滚着一只旧药袋，你捡起来，袋底沉着几粒受潮的丹药——卖相不佳，药香却正。你把药袋系在腰上，走了三里路，药香一路跟着你，像一只不认生的小狗。你决定先留着，万一下回闭关缺个由头呢。
---",正经+冷幽默,定稿,药童遗袋,
cultivation,retreat_start,练气-筑基,通用,通用,01,你在门内插上门闩，外头的声响便远了。旧蒲团，半炷香，你先把心放稳——闭关如守夜，最要紧的是坐得住。,正经,定稿,封门定心,
cultivation,retreat_start,练气-筑基,通用,通用,02,一炷香燃在案头，烟直直地升，无风无扰。你看着那缕烟出了神，等回过神，烟已去了半炷——修炼先修定，定下来了，才算是开了头。,正经,定稿,燃香计心,
cultivation,retreat_start,金丹-元婴,通用,通用,03,到了这个份上，闭关不必再挑静室。你往山巅一坐，云在脚下，风在袖中，天地的灵气自己寻过来——金丹之后，闭关不是躲世，是应邀入局。,正经,定稿,山巅入定,
cultivation,retreat_settlement,练气-筑基,通用,通用,01,耳边一声鸡鸣，你睁开眼。窗纸泛白，炉火将尽，{time_str}就这么过去了——你吐出一口浊气，凡尘的声音重新涌进来，听着，竟觉得亲切。,正经,定稿,睁眼吐浊,
cultivation,retreat_settlement,练气-筑基,通用,通用,02,推门时，山门外那株桃树落了满地花瓣。闭关前它正含苞，此刻已结了青果——{time_str}，你错过一树花期，换来一截清净修为。,正经,定稿,门外花信,
cultivation,retreat_settlement,金丹-元婴,通用,通用,03,睁眼，吐出一口绵长的浊气，气到窗外，惊起檐下一对麻雀。{time_str}，对你不过弹指——你起身时，衣袍上落满经年的尘，轻轻一拍，便散了。,正经,定稿,浊气惊雀,
cultivation,retreat_settlement,金丹-元婴,通用,通用,04,出关时正逢云开。你立在山门前看了一会儿——{time_str}，山下人事已换了几茬，山顶的月色还是那一轮。你笑了笑，走下石阶。,正经,定稿,云开下山,
cultivation,retreat_epiphany,通用,通用,通用,01,修炼至中夜，脑中忽然一空。万千念头如退潮般收走，只剩一线灵光悬在识海中央——你伸手去接，它落在掌心，化成一点温热。,正经,定稿,识海灵光,
cultivation,retreat_epiphany,通用,通用,通用,02,枯坐间，墙上那道旧痕忽然活了，在你眼中弯成一条路。你顺着它走了很远很远，回来时，窗外才过一炷香——悟道这件事，不占时辰。,正经,定稿,旧痕成路,
cultivation,retreat_epiphany,通用,通用,通用,03,气血行到第七个周天，忽然不听使唤，自己拧成一股绳。你顺着它发力，一拳打在虚处，筋骨嗡嗡作响——那一瞬你明白了一件事，说不清，但身上记得。,正经,定稿,气血自拧,
cultivation,impart_value_inactive_hint,通用,通用,通用,01,你持有传承但尚未激活，本次闭关未累积传承值。发送「激活传承 <编号>」激活后再闭关。,平淡,定稿,传承未动,
cultivation,impart_value_inactive_hint,通用,通用,通用,02,传承未激活，闭关期间传承值不会累积。先发送「激活传承 <编号>」，下次出关即可结算。,平淡,定稿,先激活再闭关,
cultivation,creation_help_welcome,通用,通用,通用,01,欢迎踏入修仙之路！灵修体修，各有一番天地。请选择你的修炼方式：,平淡,定稿,道分两支,
cultivation,creation_welcome,通用,通用,通用,01,恭喜道友 {name} 踏上仙途！,正经,定稿,仙途初启,
cultivation,creation_warning,通用,通用,通用,01,修仙路上多凶险：突破失败或生命值归零，会身死道消，一切归于尘土。修行之前，先把这条路看清。,平淡,定稿,前路凶险,
cultivation,rebirth_farewell,通用,通用,通用,01,你把这一世的恩怨情仇放下，旧身入土，一点灵光不灭。山还是那座山，路还是那条路——只是走的人，换了副皮囊。,正经,定稿,灯灭芯留,
cultivation,rebirth_farewell,通用,通用,通用,02,弃道重修，前尘如灯灭。但灯芯还在魂里，点过的东西总留些余温——来世重逢，老友相见不相识，你笑一笑，也算是拜过了。,正经,定稿,余温作别,
cultivation,rebirth_farewell,通用,通用,通用,03,"旧身入土，灵光转世。这一世的账，且留到下一世再算——到时候，你不再是今日的你，可那口气，还是这口气。
---",正经,定稿,此账待清,
combat,battle_opening,通用,通用,通用,01,荒野尽头，风忽然停了。一道身影立在枯草尖上，不动，也不说话——你握紧兵刃，知道这一战躲不过，脚步却一步未退。,正经,定稿,荒野遇敌,
combat,battle_opening,通用,通用,通用,02,密林静得只剩自己的心跳。枝头鸟不鸣，虫声也收了——杀气先于人到，你侧身站定，林深处传来一声极轻的兵刃出鞘声。,正经,定稿,密林杀机,
combat,battle_opening,通用,通用,通用,03,断崖之上，两道人影遥遥相对。山风把衣袍吹得猎猎作响，谁都没先动——先动的人先露出破绽，这个道理，你懂，对方也懂。,正经,定稿,断崖对峙,
combat,battle_vs,通用,通用,通用,01,{name1} 与 {name2} 相对而立，互道一声名号。江湖规矩，先通名，后动手——名字落了地，这场架才算数。,正经,定稿,报名问路,
combat,battle_vs,通用,通用,通用,02,{name1} 与 {name2} 隔着三步站定，杀气在半空凝成一线。谁先眨眼，谁先矮半截——对峙比的是耐性，耐性本身就是功夫。,正经,定稿,杀气凝霜,
combat,battle_mutual_destruction,通用,通用,通用,01,最后一击同时落定——你的兵刃递进对方胸口，对方的掌力也拍在你肩头。两道身影同时退开，又同时站不住，一起跌坐在地，谁也没能站到最后。,正经,定稿,两败俱落,
combat,battle_mutual_destruction,通用,通用,通用,02,烟尘散尽，两人都撑着兵刃没松手。你看着他，他也在看你——这一战，同归于尽，谁也没能再站起来。地上，只剩两道深深的脚印。,正经,定稿,烟尘同尽,
combat,battle_victory,通用,通用,通用,01,{name} 收剑归鞘，铮的一声响，落在满场寂静里。风重新流动，鸟鸣重新响起——胜了，但架子不能倒，转身时步子要稳。,正经,定稿,收剑归鞘,
combat,battle_victory,通用,通用,通用,02,{name} 抱拳一礼，不乘胜，不补刀。胜负是胜负，气度是气度——对方也回了一礼，这一战，服了。,正经,定稿,拱手而别,
combat,battle_victory,通用,通用,通用,03,打斗扬起的尘土慢慢落回地面，{name} 立在原地，衣角还在抖，手已经稳了。赢了这一场，山还是山，路还是路，只是脚下又踏实了一分。,正经,定稿,风静云收,
combat,battle_victory,通用,通用,通用,04,{name} 越过倒地之人，脚步不停。胜者不必回头——身后的喘息声渐远，前方的路自己铺开。,正经,定稿,踏血而行,
combat,battle_draw_stalemate,通用,通用,通用,01,斗到三百招开外，两人都住了手，喘着气，互相盯着。谁都没剩几分气力，谁也不敢先动——僵在这里，比的是谁先撑不住。,正经,定稿,各自留手,
combat,battle_draw_stalemate,通用,通用,通用,02,兵刃架在一起，谁也压不过谁。你咬着牙，对方也咬着牙，力道一分一分地加，又一分一分地收——再打下去，两败俱伤，划不来。,正经,定稿,兵刃相交,
combat,battle_draw,通用,通用,通用,01,两人同时收招，各退半步。这一战，拆了个平手——你抱拳，对方也抱拳，山道上让开一条路，谁也没输，谁也没赢。,正经,定稿,各退半步,
combat,battle_draw,通用,通用,通用,02,气力都见了底，再打只是耗着。你先收了势，对方也顺势收了——平局收场，倒也算一段不打不相识的缘分。,正经,定稿,收势作罢,
combat,dodge,通用,通用,通用,01,{defender_name} 身形如风，于千钧一发之际侧身——{attacker_name} 的攻势擦着衣角掠过，落了个空。,正经,定稿,侧身让过,
combat,dodge,通用,通用,通用,02,{attacker_name} 的攻势落下时，{defender_name} 已经不在原地——原地只留一道残影，被这一击打得粉碎，真身早在三步之外站定。,正经,定稿,残影留原地,
combat,dodge,通用,通用,通用,03,{defender_name} 不闪不避，反倒迎着攻势一矮身，借那一击的劲风整个翻了出去——攻势落空，人已到了 {attacker_name} 的侧后。,正经,定稿,借力而起,
combat,dodge,通用,通用,通用,04,{defender_name} 堪堪避开，衣角被削去一片。低头看看破口，再抬头——这衣角旧了，正想着换件新的，倒是对方先帮了忙。,正经+冷幽默,定稿,堪堪擦过,
combat,block,通用,通用,通用,01,对方攻势当头落下，{defender_name} 沉肩架臂，硬接这一击——脚下纹丝不动，只有衣袍被劲风压得贴了身。硬桥硬马，挡得住，就还站着。,正经,定稿,架臂如山,
combat,block,通用,通用,通用,02,{defender_name} 双臂交错挡在身前，脚下一沉，扎进土里半寸。攻势撞上来，如浪撞礁石——礁石不后退，浪自己碎了。,正经,定稿,脚下生根,
combat,stun_skip,通用,通用,通用,01,{name} 脑中嗡的一声，眼前一黑——天旋地转，招式全忘了，只剩本能在原地晃了两晃，这一回合，是出不了手了。,正经,定稿,眼前一黑,
combat,stun_skip,通用,通用,通用,02,{name} 挨了这一下，眼前直冒金星。星星还怪好看的，可惜这会子不是赏星的时候——这一回合，且先数着星星过吧。,正经+冷幽默,定稿,晕头转向,
combat,ultimate_cast,通用,通用,通用,01,{attacker_name} 深吸一口气，手诀一变——天地间灵气被抽空了一瞬，全凝在那一招上。大招将出，万物收声。,正经,定稿,压轴起手,
combat,ultimate_cast,通用,通用,通用,02,你引血成诀，方圆三丈血气翻涌——,玩梗灰,定稿,血引成诀,
combat,crit_notice,通用,通用,通用,01,杀意先于招式而至——{attacker_name} 的刀光在半空一顿，像是蓄满了整条河的力道，下一刻就要劈下来。,正经,定稿,刀光先到,
combat,crit_notice,通用,通用,通用,02,{attacker_name} 衣袍无风自鼓，罡风卷起满地尘土。这一击不寻常——懂行的人已经看出，接下来这一下，是要见真章的。,正经,定稿,罡风卷袖,
combat,damage_crit,通用,通用,通用,01,{attacker_name} 这一击结结实实落在要害，气劲炸开，如崩山裂石——全数吃下，{final_damage}。四周尘土翻卷，久久不散。,正经,定稿,崩山裂石,
combat,damage_crit,通用,通用,通用,02,招式刁钻，直取命门——{attacker_name} 一击中的，对方身形一顿，气血翻涌，连退两步才站稳，这一下伤得不轻。,正经,定稿,正中命门,
combat,damage_crit,通用,通用,通用,03,拳未至，风先到；拳到时，风炸开——{attacker_name} 这一拳打实了，声音闷得像是砸进土里，尘土从脚下腾起一圈。,正经,定稿,拳风炸响,
combat,damage_normal,通用,通用,通用,01,{attacker_name} 一击破风而至，被对方卸去大半力道，仍实打实挨了这一下——不致命，但疼，局势就此压下一头。,正经,定稿,破风一击,
combat,damage_normal,通用,通用,通用,02,兵刃相触，劲力透过兵刃震得虎口发麻——{attacker_name} 这一击平平无奇，却稳、准、不花哨，挨了就是挨了。,正经,定稿,震手回劲,
combat,reflect,通用,通用,通用,01,反震之力如数奉还——{defender_name} 借力打力，把袭来的攻势原路弹回，{reflect_dmg} 的力道在对方自己身上炸开。,正经,定稿,原路奉还,
combat,reflect,通用,通用,通用,02,{defender_name} 不接硬招，只一引一带——攻势撞上护体真劲，弹了回去，{reflect_dmg} 的反噬让对方自己吃了个哑巴亏。,正经,定稿,四两拨千斤,
combat,lifesteal,通用,通用,通用,01,{attacker_name} 掌势一收，竟从对方伤口处牵出一道血线，吸入口中——{heal} 气血入体，苍白的脸色回了些血色，招式却愈发凶狠。,正经,定稿,反咬一口,
combat,lifesteal,通用,通用,通用,02,伤敌，也补己——{attacker_name} 借这一击之力，将对方的气血纳为己用，{heal} 生机入体，久战的气力又续上了几分。,正经,定稿,以战养战,
combat,remaining_hp,通用,通用,通用,01,{defender_name} 气血将尽，{remaining_hp} 一线吊着——腿在抖，手没松。这口气只要还在，人就还站着，战就还没完。,正经,定稿,血未尽，战未止,
combat,remaining_hp,通用,通用,通用,02,{defender_name} 身上带伤，{remaining_hp} 堪堪撑着。地上已经溅了血，眼神却比方才更亮——越是残局，越见心性。,正经,定稿,残局不退,
combat,remaining_hp,通用,通用,通用,03,{defender_name} 晃了两晃，{remaining_hp} 的气血勉强稳住身形。身后没路可退，前面的人还在逼近——那就站着，站着就有说法。,正经,定稿,摇而不倒,
combat,remaining_hp,通用,通用,通用,04,打到这时，{defender_name} 的 {remaining_hp} 已经薄如纸，掌心却还扣着一招没用——残局里藏着后手的人，最不好惹。,正经,定稿,山穷水未尽,
combat,survive,通用,通用,通用,01,{name} 气机将断之际，护身之物忽然一亮——绝境中硬生生吊住一条命。生死线上走了一遭，再睁眼时，眼神比方才更冷更稳。,正经,定稿,一线生机,
combat,survive,通用,通用,通用,02,{name} 力竭欲倒，却于最后一刻撑住了——这一击没能放倒他，反倒激出一股狠劲。命还在，那就接着打。,正经,定稿,死不认命,
combat,buff_applied,通用,通用,通用,01,{actor_name} 的【{effect_name}】落在 {target_name} 身上——灵光一闪，气机一振，接下来的路，好走多了。,正经,定稿,灵辉加身,
combat,buff_applied,通用,通用,通用,02,{actor_name} 施出【{effect_name}】，{target_name} 周身一暖，如披了件看不见的甲。有这层加护在，出手都敢放开了。,正经,定稿,加护上身,
combat,status_expired,通用,通用,通用,01,{name} 身上的【{effect_name}】散去，像灯盏熄了最后一缕光——方才利落的身手慢了一线，这才知道，原来方才一直借着那股劲。,正经,定稿,灵辉散去,
combat,status_expired,通用,通用,通用,02,{name} 周身的加护无声褪尽，重新变回有血有肉的身子。风一吹，透心凉——舒服日子到头了，接下来的每一招都得自己扛。,正经,定稿,加护褪尽,
combat,trigger_round_start_boost,通用,通用,通用,01,回合将启，{name} 触发了【{skill_name}】——气机先一步鼓荡起来，下一回合的攻势，先声夺人。,正经,定稿,起手先声,
combat,trigger_round_start_boost,通用,通用,通用,02,{name} 的【{skill_name}】悄然发动——没有什么比开打前先给自己加个码更实在的了。对面的脸色，肉眼可见地沉了三分。,玩梗灰,定稿,磨刀霍霍,
combat,trigger_round_start_boost,通用,通用,通用,03,{name} 的【{skill_name}】先行一步鼓荡——抢在交手之前把势头立住，下一回合的每一招，都从这股先机里起手。,正经,定稿,先机在握,
combat,trigger_attack_boost,通用,通用,通用,01,{actor_name} 触发了【{skill_name}】，招式陡然凌厉——同一招，此刻使出来，劲风呼呼地跟长了牙似的。,正经,定稿,攻势更盛,
combat,trigger_attack_boost,通用,通用,通用,02,{actor_name} 的【{skill_name}】一发动，出手都带风——按老话说，这是热汤下肚，浑身来劲。对面修士心里直犯嘀咕：这人也太不经夸了。,玩梗灰,定稿,热汤下肚,
combat,trigger_stun,通用,通用,通用,01,{actor_name} 触发【{skill_name}】，{target_name} 身形一僵，招式凝在半空——这一瞬的破绽，够对手做很多事了。,正经,定稿,定身一瞬,
combat,trigger_stun,通用,通用,通用,02,{actor_name} 的【{skill_name}】结结实实砸在 {target_name} 身上——眩晕上脸，动作慢得像在演皮影戏。这回合，且先当个看客吧。,玩梗灰,定稿,一锤定音,
combat,trigger_damage_reduction,通用,通用,通用,01,{actor_name} 触发【{skill_name}】，护体罡气一层层卸去来势——同样的一击落在身上，分量轻了大半。,正经,定稿,卸力化劲,
combat,trigger_damage_reduction,通用,通用,通用,02,"{actor_name} 的【{skill_name}】一开，站在那里跟座门神似的——对面砸了几招，自己手先酸了。打不动的对手最磨人，这话一点不假。
---",玩梗灰,定稿,铜墙铁壁,
